Name,Roll_No,Branch,Semester,Current_CGPA,Previous_CGPA,Attendance_%,Backlogs,Arrears_Cleared,Strongest_Subject,Weakest_Subject,Projects,Internships,Hackathons,Research,Python,SQL,ML,Data_Analysis,Web_Dev,DSA,Cloud,Communication,Teamwork,Problem_Solving,Leadership,Certifications,Cert_Type,Companies_Applied,Shortlisted,Aptitude_Score,Coding_Score,Mock_Interview_Score,Clubs,Sports,Leadership_Role,Confidence,Stress_Handling,Placement_Eligibility,Next_CGPA,Expected_Package_LPA
Student_1,2023BCA001,ME,6,7.93,8.52,63.2,2,No,OS,CN,2,1,0,0,2,2,3,10,6,10,9,1,9,3,3,1,Technical,17,4,0,51,22,No,No,No,6,8,1,8.27,3.64
Student_2,2023BCA002,CE,4,8.73,9.27,68.0,0,Yes,Math,OS,0,2,3,0,4,4,4,6,5,3,6,5,1,2,8,5,Management,13,0,54,57,4,No,No,No,7,3,1,8.42,10.3
Student_3,2023BCA003,ECE,8,7.16,7.52,54.4,0,Yes,OS,Math,5,0,3,0,1,4,10,10,3,8,10,10,5,4,2,0,Mixed,15,5,14,40,70,No,No,No,9,4,0,6.67,0.0
Student_4,2023BCA004,CE,1,5.64,6.4,96.8,0,Yes,DBMS,AI,4,0,1,0,3,4,6,7,5,8,10,10,9,1,1,1,Mixed,13,1,46,43,56,Yes,Yes,No,3,7,1,5.35,7.47
Student_5,2023BCA005,CE,6,6.42,5.4,77.7,1,Yes,OS,OS,3,2,1,1,10,6,1,10,1,5,10,4,7,3,2,2,Management,8,4,84,3,5,No,Yes,No,2,7,1,6.93,11.16
Student_6,2023BCA006,IT,5,6.82,7.96,65.3,2,Yes,CN,DBMS,4,2,3,0,7,2,9,3,3,8,3,7,6,9,9,0,Technical,14,5,45,76,48,Yes,No,No,5,4,1,6.35,11.56
Student_7,2023BCA007,ECE,3,8.23,9.35,69.8,3,Yes,OS,AI,0,0,3,0,10,6,5,8,4,10,10,9,6,7,5,0,Mixed,6,10,57,67,21,No,No,No,10,9,0,8.01,0.0
Student_8,2023BCA008,ECE,3,7.85,6.44,72.4,0,Yes,AI,DBMS,2,2,2,0,3,7,7,3,5,8,6,5,7,7,8,4,Management,13,7,94,6,76,Yes,No,No,1,3,0,8.26,0.0
Student_9,2023BCA009,ECE,1,6.78,7.76,80.0,1,No,Math,CN,5,1,1,0,4,10,9,1,10,3,1,4,1,1,3,5,Technical,5,8,70,45,75,Yes,Yes,No,6,8,1,6.98,5.31
Student_10,2023BCA010,CE,4,9.93,8.82,75.8,1,Yes,Math,AI,4,1,1,1,2,3,9,10,9,2,5,9,4,7,7,5,Technical,20,5,80,8,3,No,No,Yes,9,8,0,10.0,0.0
Student_11,2023BCA011,ME,4,8.03,7.54,96.0,0,No,OS,OS,1,1,0,1,3,8,1,5,4,9,10,5,1,10,2,2,Mixed,14,4,82,86,71,Yes,No,No,10,4,0,8.43,0.0
Student_12,2023BCA012,ECE,5,6.19,6.92,74.8,1,Yes,Math,AI,3,1,2,0,9,2,1,2,3,2,6,9,6,7,8,4,Mixed,19,3,38,32,63,Yes,No,No,9,7,0,5.75,0.0
Student_13,2023BCA013,CE,1,5.51,4.49,99.6,1,Yes,AI,CN,4,1,3,0,3,8,3,10,10,9,8,8,4,4,7,1,Technical,7,1,2,32,36,No,No,No,7,4,0,6.08,0.0
Student_14,2023BCA014,IT,3,5.76,6.71,92.6,2,Yes,Math,DSA,3,2,2,0,5,5,6,6,1,4,9,4,1,7,5,1,Technical,1,1,29,83,30,Yes,Yes,Yes,7,1,0,5.53,0.0
Student_15,2023BCA015,ME,4,6.23,7.23,60.4,0,Yes,OS,DBMS,5,2,3,0,2,2,2,10,10,2,3,7,9,8,4,2,Technical,7,6,34,3,36,No,No,Yes,8,1,0,6.39,0.0
Student_16,2023BCA016,IT,1,5.8,5.82,96.5,0,Yes,DSA,CN,1,1,3,1,4,7,10,9,6,10,2,5,4,3,1,5,Management,0,4,56,64,44,Yes,No,No,10,1,1,6.07,6.57
Student_17,2023BCA017,ME,7,5.93,4.45,55.8,0,Yes,DSA,DSA,2,2,2,0,7,2,1,1,7,1,4,10,6,10,5,1,Mixed,16,6,28,33,89,No,No,Yes,2,2,1,5.63,9.73
Student_18,2023BCA018,CE,4,6.43,5.79,90.9,0,Yes,DBMS,AI,2,2,1,0,7,6,1,4,10,4,8,4,7,2,9,2,Technical,18,10,49,90,7,No,No,Yes,6,6,1,7.1,6.1
Student_19,2023BCA019,CSE,6,5.87,6.22,69.0,4,Yes,Math,AI,1,1,3,0,3,10,5,1,8,9,8,5,8,7,10,1,Mixed,4,0,61,84,39,Yes,No,No,5,10,1,5.96,3.88
Student_20,2023BCA020,ME,7,9.48,10.0,93.9,1,No,OS,CN,3,2,2,1,5,3,4,1,1,9,3,5,9,5,4,3,Mixed,19,0,51,87,96,Yes,No,No,5,5,1,9.05,11.77
Student_21,2023BCA021,IT,8,5.4,5.8,93.4,2,No,Math,OS,5,2,0,0,1,9,1,8,4,4,4,9,9,5,9,0,Mixed,15,4,13,78,92,Yes,Yes,No,3,2,1,6.02,6.59
Student_22,2023BCA022,CE,4,7.62,6.9,90.3,0,Yes,CN,AI,4,2,2,0,10,3,4,2,5,9,3,9,8,5,2,5,Technical,6,1,34,98,4,Yes,Yes,No,3,8,1,7.82,8.43
Student_23,2023BCA023,ME,3,7.05,7.45,89.5,1,Yes,AI,OS,1,1,0,0,10,3,3,1,2,6,10,6,10,7,4,3,Management,6,7,27,63,27,Yes,Yes,Yes,6,9,1,7.39,4.53
Student_24,2023BCA024,CSE,2,9.91,10.0,65.2,2,Yes,Math,OS,0,2,3,1,10,5,2,8,1,1,2,4,3,9,9,2,Technical,17,2,57,24,80,No,Yes,No,10,7,1,10.0,12.63
Student_25,2023BCA025,CSE,7,5.56,6.4,54.0,1,Yes,Math,OS,3,0,2,0,1,7,9,4,8,10,4,2,2,8,4,2,Mixed,17,0,29,54,86,Yes,Yes,Yes,10,9,1,6.06,9.79
Student_26,2023BCA026,ECE,8,6.99,5.81,70.1,1,Yes,DSA,Math,2,0,2,0,5,8,1,3,6,6,6,3,5,6,5,3,Technical,1,1,89,8,8,Yes,Yes,No,7,4,1,6.53,13.82
Student_27,2023BCA027,ECE,5,9.85,10.0,58.7,2,Yes,AI,DSA,1,1,0,0,10,7,7,4,5,9,5,2,1,7,8,0,Technical,14,9,6,16,1,No,Yes,No,1,7,1,9.67,8.95
Student_28,2023BCA028,IT,5,9.33,9.45,84.7,1,Yes,OS,DSA,2,0,2,0,9,9,4,5,9,2,3,5,3,9,1,0,Mixed,13,9,38,20,62,Yes,Yes,No,3,5,0,9.39,0.0
Student_29,2023BCA029,ME,3,9.09,10.0,67.3,3,Yes,Math,AI,3,1,2,0,1,5,5,1,2,6,2,6,1,6,1,4,Mixed,17,6,94,59,95,Yes,Yes,No,1,5,0,8.68,0.0
Student_30,2023BCA030,ME,4,6.29,5.82,98.8,2,Yes,DSA,AI,2,0,3,1,1,10,10,1,10,2,9,5,3,1,9,1,Technical,8,5,68,12,50,Yes,Yes,No,10,3,0,6.64,0.0
Student_31,2023BCA031,ECE,1,5.85,6.25,82.0,1,No,DBMS,OS,1,0,2,0,4,3,5,3,8,4,1,2,4,4,9,4,Technical,13,7,34,2,30,Yes,No,Yes,3,9,0,5.82,0.0
Student_32,2023BCA032,ME,4,8.34,9.64,91.1,1,No,AI,Math,3,0,1,0,4,6,1,6,10,8,9,5,7,8,4,0,Technical,4,6,51,67,6,No,No,No,5,10,0,8.17,0.0
Student_33,2023BCA033,ME,3,9.65,8.46,56.6,2,Yes,DSA,OS,0,1,0,0,2,5,6,1,9,7,1,9,5,7,2,3,Technical,10,9,13,3,29,No,Yes,No,9,5,1,9.15,7.39
Student_34,2023BCA034,CSE,5,7.78,9.09,93.1,0,No,DSA,Math,1,1,2,0,9,4,9,2,1,9,7,4,5,3,9,1,Management,7,7,62,91,57,Yes,No,No,3,6,1,8.14,3.55
Student_35,2023BCA035,ECE,4,7.86,8.42,96.1,0,No,DSA,OS,4,2,0,1,9,2,2,7,7,7,6,10,1,10,4,3,Technical,4,2,35,6,2,Yes,No,No,10,3,1,8.36,10.07
Student_36,2023BCA036,CE,5,6.4,5.1,74.4,1,Yes,Math,DBMS,5,1,0,0,2,7,7,1,8,1,7,2,8,3,6,4,Management,10,5,90,25,50,Yes,Yes,No,10,10,0,6.37,0.0
Student_37,2023BCA037,ECE,7,8.85,8.25,80.3,1,Yes,Math,DBMS,1,0,0,0,9,5,6,7,3,2,3,3,4,3,1,2,Mixed,4,6,23,74,55,Yes,No,No,9,7,1,9.03,12.28
Student_38,2023BCA038,CE,8,5.94,6.56,88.2,0,Yes,DBMS,CN,3,0,2,0,6,4,5,4,4,6,3,3,10,1,9,3,Management,16,9,39,23,72,No,No,Yes,1,9,1,5.71,4.8
Student_39,2023BCA039,CSE,1,6.62,5.32,58.7,1,No,CN,OS,5,1,2,0,8,8,4,10,3,7,1,9,5,10,5,4,Mixed,3,10,28,9,9,Yes,No,No,6,9,0,6.87,0.0
Student_40,2023BCA040,IT,7,7.13,7.38,75.1,3,No,CN,AI,1,1,0,0,10,9,4,6,7,3,4,4,2,1,3,4,Management,14,0,52,100,60,Yes,Yes,Yes,9,10,1,6.64,5.12
Student_41,2023BCA041,ME,5,7.54,7.08,69.9,1,Yes,CN,DSA,0,1,1,0,4,9,6,8,9,9,2,1,1,6,4,4,Mixed,18,0,21,12,49,Yes,No,No,5,10,1,7.63,10.95
Student_42,2023BCA042,CSE,5,6.21,6.57,57.3,0,Yes,AI,CN,0,2,0,0,2,3,4,9,3,7,10,1,9,1,1,2,Technical,1,6,71,43,46,No,Yes,No,10,5,1,6.48,4.9
Student_43,2023BCA043,ME,2,5.57,4.21,68.4,0,Yes,AI,AI,4,0,1,0,2,3,5,6,6,6,8,7,2,5,9,2,Management,16,10,14,38,89,No,No,No,2,7,0,6.17,0.0
Student_44,2023BCA044,IT,2,8.05,9.16,53.4,1,Yes,DBMS,DBMS,2,2,0,0,9,5,6,9,8,6,3,7,6,4,8,2,Management,11,2,68,18,0,No,No,No,5,3,1,8.01,5.77
Student_45,2023BCA045,IT,7,6.44,7.86,51.3,3,Yes,AI,OS,5,2,3,0,1,5,5,4,6,1,7,2,1,5,4,1,Mixed,16,2,63,50,93,No,No,Yes,1,6,1,6.86,6.5
Student_46,2023BCA046,CSE,6,7.91,9.32,56.8,0,No,CN,CN,3,0,0,1,7,10,7,6,2,5,7,9,1,7,2,2,Mixed,9,4,3,18,56,Yes,No,No,9,8,1,8.13,13.21
Student_47,2023BCA047,IT,7,5.77,6.52,98.2,2,Yes,CN,OS,3,0,0,0,3,2,9,8,7,10,9,9,9,6,9,2,Management,17,10,74,75,37,Yes,Yes,No,10,8,1,6.38,8.5
Student_48,2023BCA048,CE,2,7.41,6.3,77.5,0,No,DSA,DBMS,2,1,2,0,3,1,10,9,2,3,6,5,4,9,4,2,Mixed,18,5,17,51,61,Yes,No,No,10,2,1,7.39,3.29
Student_49,2023BCA049,IT,5,7.66,8.43,98.3,4,No,AI,CN,0,1,1,0,2,8,7,3,2,7,1,3,9,6,9,3,Technical,17,1,41,85,78,No,No,Yes,9,6,1,7.54,8.94
Student_50,2023BCA050,ME,3,5.26,3.83,71.6,1,No,Math,DBMS,0,2,3,0,10,3,7,2,2,10,8,3,5,9,10,2,Management,12,2,29,46,88,No,Yes,No,6,7,0,5.82,0.0
Student_51,2023BCA051,ME,7,6.68,5.25,65.6,0,Yes,Math,Math,1,1,1,0,6,1,4,6,1,3,1,3,7,4,3,1,Technical,13,5,14,100,69,Yes,No,No,9,7,1,6.24,14.82
Student_52,2023BCA052,ME,5,5.67,5.14,75.3,1,Yes,DSA,DBMS,4,1,3,0,10,1,1,4,1,5,3,6,1,1,7,4,Management,15,2,69,29,81,No,Yes,Yes,3,3,0,5.33,0.0
Student_53,2023BCA053,ME,3,5.32,5.29,72.0,2,Yes,DSA,OS,5,0,0,0,2,2,8,1,7,7,5,4,6,1,7,3,Technical,17,4,54,45,64,No,Yes,No,4,9,1,4.92,6.08
Student_54,2023BCA054,CE,3,9.95,10.0,55.3,2,Yes,DSA,DSA,4,0,2,1,10,6,4,8,5,3,8,8,8,10,10,0,Management,17,8,52,75,61,No,No,Yes,6,2,1,10.0,9.76
Student_55,2023BCA055,ECE,2,6.61,7.16,82.0,1,Yes,Math,DBMS,4,1,2,0,4,6,1,9,3,10,9,5,1,7,4,2,Mixed,15,2,15,92,55,Yes,Yes,No,4,3,0,6.12,0.0
Student_56,2023BCA056,CSE,7,9.05,8.89,60.8,1,Yes,CN,AI,1,0,1,0,10,3,5,9,1,2,7,1,9,3,2,4,Management,16,10,72,20,66,No,No,Yes,1,2,1,9.58,12.6
Student_57,2023BCA057,ME,4,6.27,5.59,81.0,1,Yes,DSA,DSA,4,1,2,0,9,4,8,2,10,6,9,9,3,2,9,4,Technical,6,5,33,74,16,Yes,Yes,No,7,9,1,6.31,14.1
Student_58,2023BCA058,IT,1,8.41,9.9,82.5,3,Yes,DBMS,Math,2,0,1,0,9,2,4,9,6,8,3,1,1,6,4,3,Management,11,10,26,100,7,No,Yes,No,5,4,0,7.91,0.0
Student_59,2023BCA059,ME,2,8.8,8.58,57.6,1,Yes,DSA,CN,1,0,1,0,6,2,8,7,1,4,5,6,1,6,8,0,Technical,1,4,12,47,59,No,No,No,8,2,1,8.78,7.1
Student_60,2023BCA060,IT,2,7.98,7.83,53.1,0,Yes,OS,CN,2,0,3,0,4,7,8,5,9,9,10,1,6,7,2,5,Technical,9,4,99,61,39,Yes,Yes,No,9,3,0,7.7,0.0
Student_61,2023BCA061,IT,4,7.36,6.35,89.0,0,No,DSA,DSA,1,0,1,0,7,1,3,7,2,8,8,3,6,5,8,1,Technical,4,10,26,57,80,No,No,No,5,4,1,7.61,3.42
Student_62,2023BCA062,ME,1,7.06,7.94,73.0,0,No,Math,CN,4,1,3,1,1,7,9,9,1,7,1,10,1,8,10,5,Mixed,20,5,72,17,88,No,No,Yes,8,10,0,7.38,0.0
Student_63,2023BCA063,CE,5,6.74,7.32,52.9,1,Yes,AI,DBMS,2,2,2,0,4,1,3,8,7,7,8,5,3,7,5,4,Management,2,5,68,58,61,Yes,No,No,1,6,1,6.83,9.42
Student_64,2023BCA064,IT,6,9.65,8.81,99.7,0,Yes,DSA,DSA,2,0,1,0,5,6,1,6,6,3,7,10,7,2,7,5,Technical,18,0,85,90,40,Yes,No,No,1,5,1,9.2,8.51
Student_65,2023BCA065,IT,7,9.15,7.9,52.9,0,Yes,AI,OS,2,1,1,1,8,3,2,4,6,6,1,7,10,1,7,4,Mixed,12,10,30,100,11,Yes,No,No,7,3,1,9.44,13.89
Student_66,2023BCA066,ME,6,9.83,10.0,84.8,1,Yes,OS,DBMS,1,1,0,0,2,8,6,1,5,5,10,10,3,9,9,5,Technical,11,8,2,47,92,No,Yes,Yes,6,10,0,10.0,0.0
Student_67,2023BCA067,IT,5,5.62,6.08,99.2,1,Yes,DBMS,DBMS,3,0,1,0,5,6,10,6,4,1,10,8,3,5,3,4,Management,2,4,29,62,88,No,No,Yes,5,8,1,5.98,3.12
Student_68,2023BCA068,IT,8,8.65,7.97,62.0,1,No,AI,DBMS,4,2,1,1,6,2,2,3,4,3,6,9,3,5,10,4,Mixed,5,0,20,11,99,Yes,Yes,No,5,8,1,9.15,3.88
Student_69,2023BCA069,ME,2,9.69,10.0,57.1,0,Yes,CN,OS,2,0,0,0,5,8,6,6,3,1,1,6,7,10,4,3,Technical,13,7,98,86,53,Yes,No,No,9,7,0,9.43,0.0
Student_70,2023BCA070,ME,1,5.91,4.86,56.1,1,Yes,DSA,Math,5,1,0,1,9,5,1,6,10,4,2,9,4,4,10,0,Technical,3,6,5,33,88,Yes,No,No,1,3,1,6.48,3.4
Student_71,2023BCA071,CSE,2,5.33,5.13,65.2,0,Yes,OS,AI,3,2,2,0,10,8,1,4,8,10,5,8,4,2,4,4,Technical,12,6,91,60,92,Yes,No,No,8,1,0,5.22,0.0
Student_72,2023BCA072,CE,3,8.71,10.0,55.1,0,Yes,OS,CN,5,1,1,0,1,8,5,2,7,3,2,9,3,5,10,1,Management,18,4,31,86,10,Yes,No,No,2,5,1,8.23,6.77
Student_73,2023BCA073,CE,2,7.87,7.63,84.6,0,Yes,AI,DSA,4,0,2,1,3,6,10,9,9,4,10,10,10,2,5,1,Mixed,17,0,41,52,59,Yes,No,No,7,1,1,8.38,5.17
Student_74,2023BCA074,IT,2,9.21,9.63,53.1,0,Yes,DBMS,Math,4,2,2,0,2,2,9,2,1,9,1,4,9,7,6,2,Mixed,2,8,100,24,67,Yes,No,No,6,6,1,9.84,12.0
Student_75,2023BCA075,CE,5,5.7,5.39,75.5,0,Yes,Math,DSA,2,1,0,0,3,8,8,3,7,3,6,9,2,9,3,4,Mixed,19,10,61,61,77,Yes,No,No,10,7,1,5.99,5.45
Student_76,2023BCA076,IT,5,8.98,8.3,99.8,2,Yes,DSA,CN,2,1,3,0,10,6,3,10,10,6,8,7,4,9,4,4,Technical,5,8,88,3,45,No,Yes,Yes,2,5,1,8.76,11.25
Student_77,2023BCA077,CSE,5,6.01,7.46,90.7,0,Yes,OS,OS,1,1,2,1,9,6,3,1,4,6,8,5,8,6,3,4,Mixed,15,7,31,93,37,No,Yes,Yes,3,4,0,5.81,0.0
Student_78,2023BCA078,ME,6,5.82,5.55,80.8,2,Yes,DBMS,DBMS,3,0,3,1,9,8,1,7,7,7,8,5,6,1,2,5,Technical,19,4,98,93,60,No,Yes,Yes,4,2,1,5.88,9.14
Student_79,2023BCA079,ME,3,5.82,7.0,65.3,1,Yes,CN,DBMS,3,2,1,0,10,1,3,1,1,9,6,1,7,6,10,4,Management,2,2,85,12,16,No,No,No,7,5,1,6.4,14.21
Student_80,2023BCA080,ME,8,9.07,8.26,81.2,0,No,OS,OS,2,0,0,0,2,2,1,9,5,7,3,2,7,5,9,4,Mixed,11,7,87,41,65,Yes,Yes,Yes,8,9,1,8.75,3.45
Student_81,2023BCA081,CE,8,8.33,7.47,76.4,2,Yes,DBMS,Math,4,0,1,1,3,9,8,1,3,1,1,10,2,4,1,1,Technical,18,0,38,48,71,Yes,Yes,Yes,2,4,1,8.82,9.0
Student_82,2023BCA082,CSE,5,7.62,6.21,71.3,2,Yes,Math,Math,2,0,1,0,4,8,1,5,5,8,2,3,4,6,2,0,Mixed,18,2,63,77,35,Yes,Yes,No,8,2,0,7.47,0.0
Student_83,2023BCA083,CE,1,6.79,7.25,56.5,0,Yes,Math,DSA,4,2,0,0,9,7,5,7,4,5,5,8,10,6,8,0,Mixed,3,10,29,55,73,No,No,Yes,9,6,1,7.26,10.06
Student_84,2023BCA084,CE,6,9.39,9.0,94.3,1,Yes,OS,OS,4,0,1,0,3,7,9,3,2,9,10,6,10,6,7,2,Management,0,6,62,46,6,No,No,Yes,7,8,0,9.99,0.0
Student_85,2023BCA085,CSE,4,6.96,8.05,72.5,2,Yes,OS,Math,2,0,0,0,7,5,7,9,4,10,5,10,6,2,1,1,Mixed,1,3,95,7,99,No,Yes,Yes,1,2,0,6.97,0.0
Student_86,2023BCA086,CSE,1,9.08,9.0,59.7,1,Yes,AI,OS,0,0,3,0,3,2,4,8,3,5,10,5,3,7,5,4,Management,12,6,30,54,15,No,Yes,Yes,6,9,1,9.02,11.16
Student_87,2023BCA087,CSE,7,7.2,8.6,68.4,3,No,DSA,CN,3,0,1,0,7,6,9,3,1,5,1,1,9,4,10,0,Mixed,12,10,86,87,13,No,Yes,No,8,7,0,7.66,0.0
Student_88,2023BCA088,CSE,7,6.88,5.94,70.7,1,Yes,DBMS,DBMS,5,1,0,0,7,10,9,5,10,2,1,9,4,9,6,3,Mixed,1,4,39,17,79,Yes,Yes,No,5,2,0,7.02,0.0
Student_89,2023BCA089,ME,1,7.31,8.42,91.4,0,Yes,OS,DBMS,4,0,2,1,9,3,2,7,8,3,9,3,10,10,5,3,Mixed,18,5,32,34,24,Yes,Yes,No,2,5,1,7.63,3.86
Student_90,2023BCA090,ECE,5,6.51,7.34,86.7,0,Yes,DSA,DBMS,4,1,1,0,2,4,10,4,5,10,2,3,2,2,4,3,Mixed,15,6,62,88,3,Yes,No,No,5,5,0,6.76,0.0
Student_91,2023BCA091,ECE,4,8.74,9.55,88.5,2,No,AI,OS,0,0,3,0,6,10,10,5,4,9,7,2,6,5,1,4,Mixed,11,9,24,80,28,Yes,No,No,8,7,0,8.42,0.0
Student_92,2023BCA092,CSE,4,7.51,8.54,50.6,1,Yes,DSA,OS,5,2,0,0,9,2,6,3,10,7,10,4,1,4,7,4,Mixed,0,6,35,31,55,No,Yes,No,2,5,0,8.02,0.0
Student_93,2023BCA093,ECE,6,6.16,6.94,70.8,1,Yes,OS,DSA,1,1,1,0,2,2,4,9,5,1,4,2,6,9,9,2,Management,8,6,23,23,5,Yes,Yes,Yes,1,6,0,5.89,0.0
Student_94,2023BCA094,ECE,4,9.5,9.88,74.1,1,Yes,Math,DBMS,0,1,1,0,2,8,8,10,4,3,7,9,10,4,6,2,Management,16,6,94,6,0,Yes,Yes,Yes,4,9,1,10.0,5.35
Student_95,2023BCA095,CSE,7,6.92,5.81,51.0,0,Yes,DBMS,DSA,5,1,1,0,5,8,7,9,3,2,8,10,1,8,3,2,Technical,9,10,57,12,38,Yes,Yes,No,4,3,1,6.72,4.57
Student_96,2023BCA096,ECE,3,7.72,6.32,63.0,0,Yes,DBMS,DBMS,0,1,3,0,10,10,7,7,5,1,5,7,8,8,10,5,Mixed,17,6,38,90,0,Yes,Yes,Yes,9,3,1,8.1,14.21
Student_97,2023BCA097,CE,5,9.53,10.0,88.0,0,Yes,Math,DSA,4,2,0,1,10,6,10,10,4,9,1,8,5,6,4,3,Management,18,2,45,68,62,Yes,Yes,Yes,3,8,1,9.37,4.73
Student_98,2023BCA098,IT,4,8.12,8.47,56.9,3,Yes,OS,DSA,3,0,2,0,10,5,9,2,1,8,4,3,6,6,10,4,Mixed,6,2,76,99,56,Yes,Yes,No,4,10,0,8.0,0.0
Student_99,2023BCA099,IT,6,5.58,6.47,76.8,1,Yes,DBMS,CN,0,1,2,0,8,8,5,7,3,5,10,6,2,8,5,3,Mixed,18,6,9,89,66,Yes,No,No,3,6,0,5.45,0.0
Student_100,2023BCA100,CSE,7,9.7,9.64,60.8,2,Yes,OS,DSA,1,2,2,0,9,4,6,7,10,2,3,10,2,10,1,2,Management,14,1,86,41,64,No,No,Yes,2,10,0,10.0,0.0
Student_101,2023BCA101,ME,3,8.14,6.99,50.6,2,Yes,AI,OS,2,1,0,1,2,4,1,5,10,1,10,6,9,9,5,4,Mixed,8,1,81,30,64,Yes,No,Yes,4,3,1,8.31,12.07
Student_102,2023BCA102,CSE,2,6.67,5.55,62.1,1,No,OS,DSA,5,0,2,0,5,5,6,9,8,7,5,1,3,5,1,1,Management,9,2,31,73,20,No,Yes,No,8,2,1,7.23,12.48
Student_103,2023BCA103,ME,2,5.7,6.26,98.8,1,Yes,DSA,DBMS,0,1,3,0,7,1,2,3,7,2,10,6,6,1,9,0,Management,19,3,96,25,29,No,No,No,1,2,1,5.57,4.26
Student_104,2023BCA104,IT,3,8.97,8.76,90.1,0,Yes,Math,DSA,0,2,0,0,6,1,6,4,2,1,10,3,10,1,7,0,Technical,19,5,35,85,95,No,No,Yes,8,2,0,9.3,0.0
Student_105,2023BCA105,CSE,7,8.1,7.2,98.0,1,Yes,OS,Math,1,0,1,0,6,2,9,1,1,2,6,3,5,2,3,2,Technical,3,7,27,75,32,No,Yes,No,8,5,0,8.5,0.0
Student_106,2023BCA106,CE,6,7.67,7.64,74.4,1,Yes,AI,AI,3,2,3,0,7,8,8,6,3,7,2,3,4,10,9,3,Technical,5,9,15,31,47,Yes,Yes,No,3,5,1,7.35,6.15
Student_107,2023BCA107,ECE,3,9.47,8.16,55.5,0,No,CN,DBMS,0,0,1,0,3,7,9,4,5,7,7,10,10,10,2,1,Technical,3,9,15,90,21,Yes,No,No,10,1,0,9.45,0.0
Student_108,2023BCA108,ME,5,8.94,9.19,77.4,0,Yes,Math,Math,0,0,2,1,3,10,10,1,10,10,3,10,2,5,7,4,Mixed,4,6,17,96,93,Yes,Yes,No,10,2,1,9.02,12.87
Student_109,2023BCA109,ECE,5,5.76,5.07,72.7,1,Yes,DBMS,DBMS,3,0,3,1,10,9,8,2,1,6,1,8,8,4,9,3,Mixed,8,3,7,51,53,Yes,Yes,Yes,6,2,1,5.69,12.34
Student_110,2023BCA110,ECE,2,6.56,7.45,92.2,3,Yes,DSA,OS,1,1,0,0,9,5,3,3,3,5,10,5,10,1,6,2,Technical,11,1,79,19,3,No,No,No,4,4,1,6.45,13.68
Student_111,2023BCA111,CSE,4,6.24,5.67,54.9,1,Yes,DBMS,AI,5,2,3,1,8,2,8,9,3,3,3,4,7,4,10,3,Management,7,1,74,39,86,No,No,No,1,7,1,6.56,14.14
Student_112,2023BCA112,ECE,6,8.72,8.59,74.4,0,Yes,AI,AI,5,2,1,0,5,7,6,8,5,3,9,9,2,4,5,2,Management,20,3,69,58,54,Yes,Yes,Yes,1,3,1,8.48,5.86
Student_113,2023BCA113,CE,2,5.17,3.7,57.5,0,Yes,AI,OS,0,2,0,0,6,8,6,7,3,9,10,9,6,10,7,5,Management,4,5,0,76,43,Yes,No,No,5,5,1,5.52,8.09
Student_114,2023BCA114,ECE,4,7.85,6.57,66.2,1,Yes,DBMS,AI,3,0,3,0,10,7,6,4,9,4,6,1,8,4,6,0,Management,10,2,61,13,88,Yes,No,Yes,8,9,1,8.47,3.18
Student_115,2023BCA115,CSE,4,8.81,8.49,86.9,4,No,Math,OS,0,1,3,0,1,7,3,1,1,9,6,2,7,1,5,0,Mixed,10,5,75,43,11,No,Yes,Yes,1,5,0,8.99,0.0
Student_116,2023BCA116,CE,8,9.38,9.32,73.8,0,Yes,DBMS,Math,2,0,3,1,10,5,10,8,4,4,4,8,1,9,2,3,Management,12,4,37,85,80,No,No,No,2,9,1,9.61,4.85
Student_117,2023BCA117,IT,5,6.71,7.01,68.8,1,No,OS,CN,5,2,3,0,1,2,1,4,10,2,8,5,5,3,8,1,Management,13,4,91,81,78,No,Yes,Yes,7,1,1,6.29,13.34
Student_118,2023BCA118,ECE,7,9.11,8.48,69.7,2,No,DBMS,DBMS,4,1,0,0,4,6,4,3,10,4,5,7,2,4,7,4,Technical,7,1,44,47,73,No,Yes,No,8,9,0,9.65,0.0
Student_119,2023BCA119,CSE,1,5.55,6.13,73.0,1,No,DSA,OS,2,1,1,0,2,4,10,9,4,6,7,1,6,5,6,2,Management,17,7,57,92,98,Yes,No,No,3,5,1,5.39,7.42
Student_120,2023BCA120,IT,7,9.23,10.0,89.3,1,Yes,DSA,DBMS,0,1,3,0,7,10,6,10,1,6,9,10,7,7,5,4,Mixed,18,4,80,42,51,Yes,Yes,No,8,8,0,9.47,0.0
Student_121,2023BCA121,IT,1,5.64,6.48,94.6,1,Yes,CN,Math,1,2,0,0,2,2,10,4,2,5,5,5,7,6,5,0,Management,11,10,0,15,92,Yes,Yes,No,1,5,1,6.31,6.92
Student_122,2023BCA122,ME,3,6.99,5.61,97.8,0,No,DSA,CN,5,1,1,0,10,9,2,4,1,1,5,3,3,5,9,1,Management,11,1,31,34,75,Yes,Yes,No,9,6,1,7.2,13.66
Student_123,2023BCA123,CE,5,8.99,8.93,89.3,0,Yes,DBMS,Math,4,1,3,0,2,7,7,9,6,3,4,10,7,8,1,1,Mixed,17,6,7,52,64,No,No,Yes,2,8,0,9.36,0.0
Student_124,2023BCA124,ECE,4,5.75,4.56,65.8,2,Yes,DSA,AI,2,0,1,1,5,6,7,2,3,5,6,2,5,1,9,4,Technical,9,8,39,33,64,Yes,No,No,2,2,0,5.78,0.0
Student_125,2023BCA125,CSE,6,6.15,5.38,84.4,0,No,Math,DBMS,5,0,1,1,4,5,4,5,7,6,2,2,8,7,6,0,Mixed,6,8,55,2,9,No,Yes,No,4,3,1,5.72,3.38
Student_126,2023BCA126,ME,1,8.61,10.0,71.9,1,No,DSA,CN,3,1,0,0,8,3,4,4,5,1,3,9,8,6,4,4,Technical,17,0,62,67,17,Yes,No,Yes,10,9,1,9.07,7.45
Student_127,2023BCA127,CE,7,8.6,7.53,62.7,2,Yes,OS,AI,1,1,1,1,4,10,1,9,9,9,1,4,7,5,10,3,Management,11,6,87,4,46,Yes,Yes,Yes,3,5,1,8.14,5.07
Student_128,2023BCA128,ME,4,8.21,8.21,92.0,0,Yes,Math,CN,2,0,0,0,6,10,2,5,7,3,2,4,6,7,7,1,Technical,13,8,73,9,65,Yes,No,Yes,4,5,0,8.55,0.0
Student_129,2023BCA129,CE,1,8.47,8.82,51.9,2,Yes,CN,AI,3,0,3,0,5,4,9,9,4,10,2,7,2,3,9,1,Technical,14,5,73,51,48,Yes,Yes,No,6,9,1,8.0,13.53
Student_130,2023BCA130,CE,1,7.71,8.32,95.1,0,No,OS,Math,0,0,1,0,2,3,10,9,5,3,8,10,6,1,5,3,Technical,15,0,35,28,71,No,No,No,7,10,1,8.24,8.23
Student_131,2023BCA131,ECE,8,6.26,6.44,73.1,1,No,DBMS,OS,3,2,1,0,8,8,8,2,5,2,8,10,9,9,5,0,Management,1,1,88,95,21,Yes,No,No,5,3,0,5.95,0.0
Student_132,2023BCA132,CE,1,6.73,5.26,81.9,2,Yes,DBMS,DBMS,2,2,2,0,2,3,8,9,5,8,2,2,2,2,8,1,Technical,17,3,56,30,85,No,No,No,2,4,0,6.85,0.0
Student_133,2023BCA133,ME,6,5.91,5.39,83.0,0,Yes,DBMS,DSA,2,0,3,0,9,7,9,3,10,3,6,3,1,10,7,5,Technical,11,3,73,65,25,No,Yes,No,3,7,0,6.13,0.0
Student_134,2023BCA134,CE,5,9.54,9.59,94.8,0,No,OS,DSA,0,1,3,0,9,7,7,4,9,6,5,3,5,3,8,5,Management,15,1,82,75,89,Yes,No,No,10,2,0,9.59,0.0
Student_135,2023BCA135,ECE,6,7.92,6.68,81.8,1,Yes,OS,Math,3,0,2,0,3,7,9,1,10,2,3,6,6,8,10,5,Mixed,12,7,44,90,8,No,Yes,No,3,8,1,7.83,9.55
Student_136,2023BCA136,ECE,2,7.0,6.55,80.7,0,Yes,OS,DBMS,3,2,2,0,4,7,10,1,3,7,5,3,3,10,2,2,Mixed,19,1,78,68,20,Yes,No,No,5,5,0,7.06,0.0
Student_137,2023BCA137,ME,4,7.31,5.91,53.3,1,No,Math,DBMS,0,1,0,0,8,2,2,1,6,4,5,5,8,9,9,2,Mixed,16,2,79,36,94,No,Yes,No,5,1,1,7.18,11.15
Student_138,2023BCA138,IT,5,9.74,8.48,75.9,0,Yes,AI,Math,3,2,0,0,9,10,6,9,8,9,5,4,7,3,3,0,Management,17,3,1,26,62,No,Yes,No,4,3,1,9.77,8.9
Student_139,2023BCA139,IT,8,5.77,5.46,57.5,1,Yes,Math,DBMS,5,1,1,0,3,3,3,8,9,10,3,3,2,6,6,3,Management,2,8,92,86,5,No,Yes,No,8,9,0,5.7,0.0
Student_140,2023BCA140,CE,5,7.93,6.83,86.9,1,Yes,DBMS,OS,0,2,1,0,5,10,6,5,7,9,3,8,7,7,6,4,Mixed,9,9,67,32,13,Yes,Yes,No,6,5,1,8.11,14.38
Student_141,2023BCA141,CSE,5,7.53,7.73,75.6,4,Yes,AI,Math,1,1,1,0,8,9,3,5,3,7,4,10,1,1,2,0,Technical,0,0,49,67,32,Yes,No,No,6,8,0,7.32,0.0
Student_142,2023BCA142,CE,7,8.06,8.63,84.0,2,No,DSA,OS,2,1,1,0,3,3,8,9,1,8,7,3,9,7,7,4,Mixed,5,7,28,58,70,Yes,No,No,1,1,1,8.75,7.02
Student_143,2023BCA143,ME,5,5.09,5.99,52.1,0,Yes,DBMS,DBMS,1,1,0,1,7,2,4,3,4,3,2,6,7,4,9,0,Management,2,4,94,63,23,Yes,No,No,6,7,0,5.19,0.0
Student_144,2023BCA144,ME,8,9.36,8.46,54.2,1,No,CN,Math,5,1,3,0,8,9,10,3,6,5,10,7,6,5,10,2,Technical,18,6,80,84,72,No,No,No,3,7,1,9.09,4.81
Student_145,2023BCA145,ME,6,9.66,8.66,85.8,1,Yes,Math,DBMS,5,2,1,0,10,10,6,7,3,2,4,7,2,8,1,5,Technical,3,7,9,87,74,No,No,No,6,8,1,9.73,12.72
Student_146,2023BCA146,ME,5,7.83,6.64,53.6,2,Yes,OS,Math,4,2,3,0,3,9,9,9,1,10,4,2,3,4,8,3,Management,19,4,26,43,86,Yes,Yes,No,10,3,1,8.37,12.12
Student_147,2023BCA147,ME,3,8.48,8.89,53.6,0,Yes,Math,DBMS,4,1,1,1,2,4,2,6,6,7,1,3,1,4,2,2,Technical,2,7,14,94,50,Yes,Yes,Yes,6,1,1,8.01,8.81
Student_148,2023BCA148,ECE,4,9.61,10.0,50.6,0,Yes,OS,OS,4,1,2,0,10,9,2,2,1,8,10,10,10,8,1,3,Mixed,7,9,59,87,1,Yes,Yes,Yes,2,9,1,9.93,9.45
Student_149,2023BCA149,IT,5,8.54,7.13,97.8,0,Yes,AI,OS,0,2,1,0,7,3,7,1,9,9,8,10,5,5,8,4,Management,7,10,30,48,14,Yes,Yes,No,1,1,0,8.7,0.0
Student_150,2023BCA150,ME,4,5.76,7.07,86.9,0,Yes,CN,DBMS,3,1,1,1,9,7,2,2,1,7,1,4,9,6,2,0,Management,6,7,20,52,34,Yes,Yes,No,3,6,1,5.46,9.67
Student_151,2023BCA151,CSE,3,7.88,6.54,67.7,0,Yes,AI,Math,5,1,1,0,1,7,2,1,6,10,8,7,6,5,6,1,Management,1,8,59,73,35,Yes,Yes,No,5,9,1,8.36,12.5
Student_152,2023BCA152,CSE,3,8.03,8.15,64.8,0,Yes,CN,DSA,1,1,0,0,3,8,4,10,1,10,7,2,5,1,6,1,Management,20,1,57,48,91,No,Yes,No,4,2,1,7.97,9.89
Student_153,2023BCA153,CSE,4,7.12,7.75,67.5,2,No,Math,OS,1,0,2,0,5,10,9,10,7,8,9,3,3,7,5,3,Technical,5,2,40,65,38,Yes,Yes,No,7,4,0,6.97,0.0
Student_154,2023BCA154,CSE,1,8.68,9.79,88.7,1,Yes,OS,OS,1,1,1,0,3,4,8,9,3,9,8,7,5,6,8,5,Management,15,0,45,94,3,Yes,No,Yes,4,2,0,9.17,0.0
Student_155,2023BCA155,ECE,2,9.67,10.0,83.1,1,No,AI,AI,1,0,1,0,1,3,2,10,6,6,5,7,8,2,3,5,Management,9,3,44,62,63,No,Yes,Yes,8,4,1,9.94,7.34
Student_156,2023BCA156,CSE,7,9.63,10.0,59.3,1,Yes,CN,DSA,4,1,3,0,7,3,8,8,7,10,8,10,2,7,10,3,Technical,3,4,25,24,73,Yes,No,No,7,2,1,10.0,9.54
Student_157,2023BCA157,ME,1,7.25,6.77,58.7,3,Yes,DBMS,DBMS,1,2,2,0,7,5,4,7,1,2,10,3,5,6,4,2,Management,12,10,50,3,5,No,No,Yes,10,1,0,7.51,0.0
Student_158,2023BCA158,CE,1,5.57,6.51,54.9,1,Yes,DBMS,Math,3,0,1,0,10,1,2,3,1,2,3,1,6,5,7,1,Technical,9,0,35,50,56,No,No,No,9,3,1,5.96,7.57
Student_159,2023BCA159,CSE,6,9.92,8.66,83.0,1,Yes,AI,AI,4,0,3,0,8,10,10,8,5,4,10,3,10,8,7,2,Technical,20,7,51,10,29,No,Yes,No,1,8,1,10.0,11.63
Student_160,2023BCA160,ECE,7,9.19,10.0,88.2,1,Yes,OS,DBMS,1,1,3,0,5,3,7,2,6,9,7,5,8,5,8,4,Management,13,1,80,16,98,Yes,Yes,No,5,5,1,8.76,13.61
Student_161,2023BCA161,ECE,7,5.62,5.76,63.3,0,No,AI,CN,0,1,0,0,10,6,6,2,9,7,4,7,8,2,2,1,Mixed,8,0,50,65,73,Yes,Yes,No,4,4,1,6.05,3.06
Student_162,2023BCA162,CSE,1,9.6,10.0,51.0,3,No,Math,OS,2,0,3,1,5,3,10,10,1,2,5,4,5,6,2,4,Management,10,1,2,69,95,No,Yes,No,6,5,0,9.84,0.0
Student_163,2023BCA163,CE,5,9.35,9.21,54.1,1,Yes,CN,CN,2,2,1,0,5,5,5,3,4,8,9,1,9,1,4,0,Mixed,17,4,13,72,66,No,Yes,Yes,1,6,0,8.93,0.0
Student_164,2023BCA164,CSE,6,7.59,8.02,98.4,1,Yes,Math,OS,2,2,0,1,1,9,1,7,10,7,7,6,4,5,10,2,Technical,10,8,48,68,89,Yes,No,No,6,6,0,7.7,0.0
Student_165,2023BCA165,ECE,6,7.96,8.04,64.8,1,No,DBMS,OS,4,1,0,0,10,2,2,1,8,9,4,2,9,6,9,3,Mixed,16,8,76,83,14,Yes,No,No,1,5,1,7.56,13.27
Student_166,2023BCA166,IT,3,7.0,7.69,88.5,2,Yes,CN,CN,1,2,1,0,5,2,8,8,10,8,6,3,7,7,10,1,Management,1,1,90,28,16,Yes,No,Yes,1,6,1,7.38,8.61
Student_167,2023BCA167,ME,8,5.27,4.01,81.2,2,No,AI,CN,5,2,2,0,6,6,1,7,9,3,10,4,6,2,9,2,Management,2,1,0,84,90,Yes,Yes,Yes,8,9,0,5.43,0.0
Student_168,2023BCA168,ECE,7,6.68,5.36,69.1,2,No,Math,DBMS,5,1,3,0,1,6,3,4,3,1,7,6,4,1,4,3,Mixed,10,2,56,72,17,Yes,Yes,Yes,2,5,1,7.32,5.13
Student_169,2023BCA169,CSE,1,9.01,8.25,60.3,0,No,DSA,AI,5,2,0,0,7,8,2,5,2,2,10,6,2,6,9,0,Management,17,6,16,91,18,Yes,No,Yes,10,6,1,8.73,4.91
Student_170,2023BCA170,ME,3,5.02,4.0,56.1,0,Yes,OS,AI,4,1,2,0,1,2,5,10,4,2,9,7,8,3,3,1,Mixed,2,10,49,71,75,Yes,Yes,No,6,4,0,5.25,0.0
Student_171,2023BCA171,CSE,4,6.67,7.79,80.8,1,Yes,OS,CN,3,0,1,1,2,9,4,1,2,4,4,5,6,5,5,4,Technical,14,2,97,94,87,No,No,No,6,3,0,6.42,0.0
Student_172,2023BCA172,CSE,2,6.99,6.15,88.7,1,Yes,DSA,DBMS,0,1,3,0,2,2,7,4,1,6,10,7,3,2,10,0,Mixed,10,0,13,19,68,Yes,No,No,6,6,1,7.23,13.71
Student_173,2023BCA173,IT,8,7.69,9.12,82.2,3,Yes,DBMS,AI,0,0,3,0,5,1,5,1,3,4,3,2,7,1,9,5,Mixed,10,5,58,26,23,No,Yes,No,8,5,0,8.06,0.0
Student_174,2023BCA174,ME,8,9.6,9.11,76.5,2,No,CN,DBMS,2,0,0,0,10,10,8,1,7,9,8,1,10,1,6,3,Mixed,19,2,80,7,90,No,Yes,No,4,4,1,9.97,9.31
Student_175,2023BCA175,ME,8,6.73,5.78,52.1,1,Yes,OS,DBMS,2,2,3,1,7,2,4,10,1,4,1,10,7,4,3,1,Mixed,10,0,2,84,47,Yes,Yes,No,3,5,1,7.21,6.98
Student_176,2023BCA176,IT,6,6.73,7.6,98.4,0,Yes,DSA,OS,5,2,3,0,1,7,6,1,2,6,9,8,6,10,10,1,Technical,18,3,97,60,29,No,Yes,No,6,7,1,7.25,14.76
Student_177,2023BCA177,ECE,4,8.69,9.17,89.9,2,No,AI,AI,5,2,3,0,10,8,4,7,1,6,1,1,2,2,9,0,Technical,0,0,39,27,14,No,Yes,No,4,1,1,8.28,6.84
Student_178,2023BCA178,CSE,8,7.26,7.25,64.6,1,No,DSA,AI,2,1,3,0,1,5,2,7,8,10,2,2,8,1,6,1,Technical,4,0,88,86,46,Yes,Yes,No,2,1,1,7.17,11.93
Student_179,2023BCA179,CE,4,6.12,6.29,99.0,2,No,DBMS,OS,1,2,1,0,1,6,1,4,5,10,8,10,1,6,4,3,Mixed,9,1,65,69,43,Yes,Yes,No,6,1,1,6.44,9.38
Student_180,2023BCA180,CSE,5,7.26,7.92,80.1,2,No,DBMS,CN,3,0,2,0,6,1,1,2,8,1,9,6,1,4,4,0,Technical,9,9,33,2,97,Yes,No,No,10,2,1,7.36,10.3
Student_181,2023BCA181,CSE,8,5.7,4.89,79.1,1,Yes,Math,OS,3,2,1,0,2,6,8,3,3,8,7,1,6,10,8,4,Management,13,7,89,68,26,No,No,Yes,5,9,1,5.43,7.72
Student_182,2023BCA182,ECE,2,5.88,7.37,87.4,2,Yes,OS,AI,3,2,1,0,1,8,4,8,7,3,3,10,5,7,7,0,Technical,1,1,94,72,83,No,Yes,No,9,5,0,6.04,0.0
Student_183,2023BCA183,CSE,4,7.49,8.91,90.6,0,No,Math,AI,3,1,0,0,6,3,5,8,8,6,7,3,9,6,1,0,Mixed,3,10,8,6,63,Yes,No,No,6,9,0,7.48,0.0
Student_184,2023BCA184,IT,4,7.09,7.54,82.8,0,Yes,DSA,CN,2,1,3,0,2,1,8,6,6,3,6,7,7,5,6,4,Management,1,1,93,59,40,No,No,Yes,3,5,1,7.06,14.25
Student_185,2023BCA185,IT,2,9.57,8.67,56.4,1,Yes,CN,OS,0,0,1,0,6,4,7,10,7,2,2,8,2,10,8,5,Mixed,17,10,83,3,95,Yes,No,No,5,7,1,10.0,3.09
Student_186,2023BCA186,ME,8,6.81,7.35,66.9,0,Yes,CN,Math,2,1,3,1,10,1,8,9,2,5,3,4,7,2,3,3,Management,12,10,20,4,67,Yes,No,No,10,6,0,6.8,0.0
Student_187,2023BCA187,CE,2,7.9,6.62,96.4,1,Yes,DBMS,Math,3,2,1,0,8,8,8,9,8,1,10,3,3,5,9,5,Mixed,18,9,92,10,4,No,Yes,Yes,8,2,0,7.43,0.0
Student_188,2023BCA188,CSE,4,8.16,6.75,61.2,3,No,CN,CN,2,1,1,0,2,5,6,4,5,9,10,1,1,9,10,5,Mixed,4,9,24,14,52,Yes,Yes,No,9,3,1,7.73,11.94
Student_189,2023BCA189,CSE,2,5.07,4.34,68.6,0,Yes,CN,OS,3,0,0,0,9,1,10,1,7,7,5,9,8,9,2,5,Management,19,7,43,63,7,No,No,Yes,8,5,0,5.6,0.0
Student_190,2023BCA190,ECE,4,8.32,8.21,71.6,3,Yes,CN,OS,4,2,2,0,8,8,2,1,1,3,10,10,3,2,6,2,Technical,1,5,24,97,21,No,No,No,3,4,1,8.97,3.05
Student_191,2023BCA191,IT,4,5.89,6.99,72.0,3,Yes,DSA,DBMS,5,0,2,1,10,9,6,10,5,4,4,6,8,7,1,5,Management,10,10,8,12,6,No,No,Yes,9,6,1,6.22,3.0
Student_192,2023BCA192,CE,5,9.81,10.0,80.6,2,Yes,CN,AI,0,1,1,0,1,10,1,5,1,6,2,6,7,10,2,2,Management,17,3,61,6,21,Yes,No,No,3,8,1,9.75,8.67
Student_193,2023BCA193,ME,1,5.74,6.47,97.2,1,Yes,AI,DSA,4,1,0,0,7,2,1,2,8,3,4,9,2,4,5,4,Management,5,2,25,5,45,No,No,Yes,8,8,0,6.37,0.0
Student_194,2023BCA194,IT,4,7.07,6.85,62.0,1,Yes,CN,CN,1,0,3,0,10,9,3,6,4,7,8,1,1,3,1,3,Management,9,0,56,55,29,No,Yes,Yes,10,3,0,7.37,0.0
Student_195,2023BCA195,ME,8,5.43,4.97,56.1,0,No,CN,DSA,2,2,3,1,6,8,3,7,4,6,5,6,7,1,8,5,Management,16,10,36,63,100,Yes,Yes,Yes,9,4,0,5.94,0.0
Student_196,2023BCA196,ECE,3,9.98,9.59,59.9,0,Yes,Math,DSA,1,1,1,0,6,7,5,1,2,9,5,5,1,3,1,1,Mixed,10,2,15,49,15,Yes,Yes,No,7,1,0,10.0,0.0
Student_197,2023BCA197,ECE,6,7.51,8.97,94.3,0,Yes,DSA,CN,2,1,2,0,6,3,1,6,5,5,10,6,6,9,9,4,Mixed,18,8,36,29,78,Yes,No,No,4,2,1,7.46,3.73
Student_198,2023BCA198,CSE,7,7.98,6.6,82.3,2,Yes,DBMS,OS,5,2,0,1,6,2,10,8,1,4,3,8,10,9,10,2,Technical,16,4,75,21,4,No,No,No,10,9,1,8.05,9.26
Student_199,2023BCA199,CE,1,5.34,6.44,64.3,2,Yes,Math,CN,4,1,2,0,10,7,6,5,9,3,8,5,10,7,3,3,Technical,3,5,23,24,66,No,No,No,9,10,0,5.06,0.0
Student_200,2023BCA200,ME,1,8.75,8.99,90.8,0,Yes,OS,DSA,5,0,3,0,7,5,7,7,5,10,6,2,8,3,2,0,Management,13,4,25,27,22,Yes,No,No,3,10,0,8.6,0.0
Student_201,2023BCA201,IT,1,6.05,5.87,93.1,2,No,DSA,AI,3,1,2,0,3,6,10,10,6,1,2,2,7,3,1,3,Technical,19,0,19,83,60,No,No,Yes,3,2,0,6.48,0.0
Student_202,2023BCA202,ECE,5,9.49,10.0,92.3,0,Yes,AI,AI,5,1,3,0,6,4,3,6,2,3,2,10,4,4,9,3,Technical,3,9,8,38,73,Yes,No,No,2,6,1,10.0,7.7
Student_203,2023BCA203,CSE,4,6.03,5.99,95.9,0,No,DSA,AI,5,2,0,0,3,2,4,4,10,3,9,5,1,7,4,5,Management,13,0,86,66,4,No,No,Yes,10,7,1,6.4,14.88
Student_204,2023BCA204,CSE,5,5.95,7.07,62.6,1,Yes,OS,OS,3,0,0,0,7,9,10,7,10,7,7,3,1,7,1,5,Mixed,3,3,28,4,22,Yes,Yes,No,3,6,1,6.01,5.49
Student_205,2023BCA205,ME,4,5.18,6.38,87.8,0,Yes,OS,Math,2,2,1,1,7,3,10,10,1,7,10,10,4,2,1,2,Mixed,5,2,30,64,78,Yes,No,No,1,8,1,4.78,9.54
Student_206,2023BCA206,ECE,8,7.36,7.13,73.0,0,Yes,OS,CN,3,1,1,0,8,7,10,9,4,1,9,3,5,5,7,2,Technical,8,10,18,14,81,Yes,No,No,4,9,1,6.93,14.85
Student_207,2023BCA207,CE,5,7.82,7.15,92.1,2,No,DBMS,AI,4,1,2,0,2,8,10,10,7,3,6,8,7,7,2,5,Mixed,20,7,19,89,24,Yes,Yes,Yes,8,8,1,7.77,12.5
Student_208,2023BCA208,ECE,5,5.33,5.61,86.4,1,Yes,CN,CN,5,2,0,0,9,2,10,10,6,8,5,7,4,7,7,5,Mixed,11,6,86,66,7,No,Yes,No,5,5,0,5.39,0.0
Student_209,2023BCA209,ME,6,8.88,10.0,88.8,1,Yes,DSA,AI,3,2,0,0,5,6,3,7,10,9,1,1,10,6,7,1,Technical,7,10,26,39,94,Yes,No,Yes,2,8,1,9.11,14.62
Student_210,2023BCA210,ME,3,7.27,6.4,82.8,3,Yes,CN,OS,5,2,1,0,9,8,1,5,1,7,6,5,1,10,10,1,Management,3,6,93,97,20,Yes,Yes,Yes,3,10,0,6.78,0.0
Student_211,2023BCA211,ECE,5,7.62,7.99,58.9,1,Yes,CN,Math,4,0,3,0,10,7,8,7,1,7,6,9,10,10,9,4,Technical,4,7,84,68,1,Yes,Yes,Yes,1,10,1,8.31,11.36
Student_212,2023BCA212,ME,6,7.2,7.59,77.3,2,Yes,AI,Math,1,1,2,0,5,3,10,3,8,8,3,4,7,8,7,5,Technical,5,9,43,94,21,Yes,Yes,No,2,9,0,7.14,0.0
Student_213,2023BCA213,ECE,2,7.0,7.7,99.2,1,Yes,OS,AI,4,2,2,0,7,1,10,2,4,6,3,1,2,3,1,0,Technical,4,6,34,76,71,No,No,No,1,8,1,7.52,8.29
Student_214,2023BCA214,IT,3,7.8,6.69,96.9,0,Yes,DBMS,OS,0,1,1,1,9,6,2,5,5,3,3,8,2,1,8,1,Management,18,9,70,42,86,No,No,No,2,2,0,7.94,0.0
Student_215,2023BCA215,ECE,8,5.78,6.43,52.2,1,Yes,AI,DBMS,0,0,0,1,4,8,1,4,7,1,3,5,8,3,8,2,Management,7,1,21,0,95,Yes,Yes,Yes,3,2,1,5.44,9.06
Student_216,2023BCA216,ECE,5,5.91,7.14,58.2,3,Yes,Math,CN,0,0,1,0,2,6,8,5,8,7,7,2,10,2,4,3,Management,8,3,73,21,71,Yes,Yes,No,1,3,0,6.37,0.0
Student_217,2023BCA217,ME,7,9.31,8.35,56.6,1,No,DBMS,CN,5,0,1,0,9,5,7,8,10,1,10,1,10,2,8,4,Management,14,10,86,61,67,Yes,No,No,9,7,1,9.66,11.95
Student_218,2023BCA218,ME,1,9.73,8.94,86.3,1,No,CN,DSA,2,0,1,0,2,8,7,4,7,1,2,3,10,2,4,1,Technical,3,5,14,78,63,No,No,Yes,10,9,1,9.86,6.04
Student_219,2023BCA219,CSE,2,6.87,8.28,90.9,1,No,DBMS,OS,2,1,1,0,3,2,4,9,2,9,10,9,5,5,8,3,Mixed,8,2,93,25,93,No,No,Yes,5,8,0,6.99,0.0
Student_220,2023BCA220,CSE,2,6.35,5.39,60.7,0,Yes,OS,DSA,2,0,3,0,10,1,9,7,4,10,10,1,10,1,5,3,Technical,6,2,97,17,18,No,Yes,No,8,9,1,5.95,8.52
Student_221,2023BCA221,IT,8,8.22,9.28,75.3,1,Yes,Math,AI,5,0,3,0,2,1,6,10,10,7,2,4,2,10,4,1,Management,7,5,12,47,86,No,Yes,No,5,6,1,8.51,5.52
Student_222,2023BCA222,CSE,6,7.04,7.02,92.0,1,Yes,OS,DSA,4,2,0,0,3,4,2,7,1,4,3,8,5,4,6,0,Mixed,14,0,3,8,81,No,Yes,No,8,1,0,7.63,0.0
Student_223,2023BCA223,ECE,2,5.13,4.37,86.6,0,Yes,Math,Math,2,0,1,0,6,6,1,8,10,6,10,8,8,10,2,0,Technical,18,0,81,0,52,No,No,No,7,4,1,4.74,8.01
Student_224,2023BCA224,ME,3,5.78,6.89,77.1,1,Yes,AI,CN,1,2,3,0,3,9,1,6,9,1,7,10,6,5,2,4,Mixed,14,4,55,8,92,Yes,Yes,Yes,4,6,1,5.6,12.0
Student_225,2023BCA225,CSE,5,8.58,8.42,79.5,0,Yes,CN,DSA,0,0,0,0,10,1,9,8,3,7,3,8,3,2,2,0,Management,4,0,22,22,86,Yes,Yes,Yes,7,6,1,9.16,9.58
Student_226,2023BCA226,CSE,5,8.29,8.33,75.4,1,Yes,Math,Math,4,0,1,0,8,1,4,3,3,6,7,10,8,5,9,4,Mixed,18,9,96,44,96,Yes,Yes,No,6,8,0,8.13,0.0
Student_227,2023BCA227,IT,7,5.14,4.72,64.9,1,Yes,Math,OS,0,2,2,0,6,5,5,10,10,4,9,8,9,10,10,2,Mixed,6,7,97,1,51,Yes,Yes,No,3,1,1,5.42,12.72
Student_228,2023BCA228,IT,8,6.11,6.39,78.3,0,No,Math,DSA,2,0,3,0,7,10,3,10,9,7,10,4,5,4,3,1,Management,5,1,33,13,46,No,No,No,9,2,1,6.25,10.01
Student_229,2023BCA229,ECE,1,6.16,5.15,84.4,1,Yes,DBMS,AI,4,1,0,0,1,5,4,1,10,3,4,8,2,8,10,3,Mixed,18,5,99,37,81,Yes,Yes,No,10,2,1,6.38,7.69
Student_230,2023BCA230,ME,6,8.36,8.03,93.7,0,Yes,AI,AI,3,1,2,1,3,5,8,6,3,1,7,9,2,1,4,4,Technical,16,9,98,39,53,Yes,No,No,9,6,1,8.36,4.32
Student_231,2023BCA231,IT,1,5.1,6.51,81.8,0,Yes,DBMS,AI,1,0,1,0,3,10,4,1,8,4,9,7,7,5,10,0,Mixed,9,9,16,62,43,Yes,No,Yes,5,7,0,4.96,0.0
Student_232,2023BCA232,CSE,2,5.52,4.79,88.1,0,Yes,CN,CN,2,1,1,0,2,6,9,9,2,3,8,2,1,10,8,4,Technical,18,4,27,81,96,Yes,Yes,No,8,2,0,5.08,0.0
Student_233,2023BCA233,ME,8,9.0,9.47,58.0,1,Yes,Math,DSA,2,2,1,0,7,8,9,2,3,1,8,9,10,1,4,5,Mixed,10,9,13,15,6,Yes,No,No,7,5,1,9.39,13.36
Student_234,2023BCA234,ME,7,5.89,5.37,73.1,2,No,AI,OS,1,0,3,1,9,3,6,2,2,2,9,8,2,10,10,4,Mixed,14,3,33,92,91,No,No,Yes,9,6,1,6.29,7.32
Student_235,2023BCA235,CSE,1,8.26,9.08,50.5,1,No,AI,DSA,1,0,0,0,4,9,2,7,1,5,5,5,10,10,10,0,Management,9,0,74,74,0,No,No,No,7,4,1,8.56,10.67
Student_236,2023BCA236,IT,3,6.19,5.08,62.3,1,Yes,DSA,CN,3,2,2,0,5,1,10,2,2,8,5,3,4,4,7,5,Management,10,2,56,5,62,No,Yes,Yes,4,1,0,6.46,0.0
Student_237,2023BCA237,CSE,5,5.5,6.91,86.3,1,No,CN,Math,2,2,0,1,3,4,7,10,8,1,3,7,1,8,5,5,Technical,2,3,76,2,97,Yes,Yes,Yes,4,3,1,5.29,4.82
Student_238,2023BCA238,ME,2,6.22,6.08,99.6,1,No,AI,CN,5,2,3,1,9,9,9,8,9,4,5,2,4,1,9,0,Management,2,1,96,13,38,Yes,Yes,No,8,10,0,5.75,0.0
Student_239,2023BCA239,CE,7,8.61,7.82,55.0,1,No,Math,AI,2,0,0,1,4,8,6,6,2,4,8,3,10,2,4,5,Management,17,1,54,65,18,Yes,No,No,6,9,1,9.08,12.17
Student_240,2023BCA240,CE,1,9.28,8.0,70.1,0,No,Math,Math,0,2,3,1,5,10,3,7,7,5,5,9,5,1,3,1,Management,10,1,65,95,30,No,No,Yes,9,6,1,9.37,12.09
Student_241,2023BCA241,ECE,6,9.15,8.16,90.0,3,Yes,AI,AI,4,2,1,1,1,9,7,7,5,7,4,4,9,7,2,3,Management,19,10,97,94,76,Yes,No,No,10,2,1,9.02,9.31
Student_242,2023BCA242,CSE,3,6.99,7.05,60.2,2,Yes,DBMS,DBMS,4,1,2,0,2,1,5,6,3,8,8,4,1,2,1,1,Management,17,0,92,74,23,Yes,Yes,No,7,9,0,6.61,0.0
Student_243,2023BCA243,CSE,3,8.34,7.85,77.8,0,Yes,CN,CN,0,1,1,0,9,9,1,10,9,6,7,3,5,1,6,1,Technical,14,9,36,85,68,No,Yes,No,7,4,1,7.92,12.09
Student_244,2023BCA244,ECE,1,6.02,7.01,86.7,2,Yes,Math,CN,4,0,0,0,2,3,3,9,6,1,6,5,2,6,10,0,Technical,6,1,67,66,86,Yes,No,No,4,8,1,5.94,13.09
Student_245,2023BCA245,ECE,5,6.47,6.26,80.8,0,No,AI,OS,1,1,1,0,5,10,5,9,1,7,5,3,9,6,2,0,Management,9,5,75,30,82,Yes,Yes,Yes,3,10,1,6.94,12.14
Student_246,2023BCA246,ECE,1,9.48,8.73,59.4,2,Yes,Math,DSA,4,1,2,0,8,9,7,7,5,3,5,9,6,10,8,3,Management,20,2,25,32,64,Yes,No,Yes,8,7,0,10.0,0.0
Student_247,2023BCA247,ME,2,5.07,5.42,67.8,1,No,AI,Math,4,2,1,0,3,1,3,9,7,6,10,3,2,2,6,4,Technical,19,9,60,87,32,Yes,Yes,Yes,7,3,1,5.65,14.96
Student_248,2023BCA248,CSE,1,5.43,6.05,89.2,1,No,CN,Math,0,2,2,0,6,1,6,10,4,8,2,2,3,1,5,1,Mixed,9,4,91,0,58,Yes,Yes,Yes,4,8,0,6.03,0.0
Student_249,2023BCA249,ME,3,6.04,5.04,77.7,0,No,AI,OS,3,1,2,0,4,9,5,3,8,7,4,5,8,10,2,5,Technical,12,0,66,43,32,Yes,Yes,Yes,4,4,1,6.63,3.29
Student_250,2023BCA250,ECE,7,5.13,4.13,50.3,1,No,DSA,OS,4,1,1,0,7,6,1,3,10,10,8,6,1,3,7,3,Mixed,14,7,83,14,31,No,Yes,Yes,1,2,0,5.26,0.0
Student_251,2023BCA251,CSE,1,5.91,4.52,88.0,2,Yes,AI,DSA,5,1,3,0,10,4,10,1,5,6,8,1,3,10,2,1,Management,17,3,73,36,58,No,Yes,No,7,5,0,5.67,0.0
Student_252,2023BCA252,ME,5,7.92,8.63,51.8,1,Yes,AI,AI,4,0,0,0,3,7,6,5,9,9,1,6,10,5,5,4,Management,3,8,51,26,91,Yes,Yes,No,1,1,0,8.38,0.0
Student_253,2023BCA253,ME,8,7.11,7.6,87.3,1,Yes,CN,DSA,3,0,3,0,6,5,8,4,9,9,2,10,1,6,2,5,Technical,19,3,17,47,100,No,Yes,No,10,8,0,6.87,0.0
Student_254,2023BCA254,ECE,7,9.46,9.38,60.1,2,Yes,AI,CN,0,0,3,0,10,10,1,2,9,1,5,3,8,3,10,1,Management,16,1,52,26,40,Yes,Yes,Yes,10,8,0,9.28,0.0
Student_255,2023BCA255,CSE,6,9.09,10.0,97.9,0,Yes,CN,AI,3,1,1,0,9,7,2,9,1,1,9,4,1,9,2,2,Mixed,2,2,62,11,11,Yes,Yes,No,4,3,1,8.87,11.26
Student_256,2023BCA256,ECE,4,6.71,7.63,68.4,2,Yes,DSA,DBMS,0,1,0,0,10,8,4,3,2,1,10,6,5,5,7,3,Mixed,20,4,52,66,72,Yes,No,Yes,3,1,0,6.83,0.0
Student_257,2023BCA257,CSE,1,6.3,6.56,66.3,1,No,CN,DSA,1,0,0,0,1,8,2,8,3,8,7,8,4,2,9,0,Technical,20,9,26,29,10,No,Yes,No,3,4,1,6.19,5.44
Student_258,2023BCA258,CE,5,6.9,8.0,57.4,1,Yes,Math,OS,0,0,3,0,3,1,9,6,4,10,10,9,7,10,5,1,Mixed,1,5,30,95,96,Yes,No,Yes,1,9,0,6.58,0.0
Student_259,2023BCA259,IT,7,7.95,7.07,65.3,1,Yes,CN,AI,1,1,1,0,2,8,10,5,10,7,5,6,5,6,7,5,Technical,3,6,90,86,18,No,No,No,4,9,1,7.99,3.76
Student_260,2023BCA260,IT,5,6.34,5.18,93.8,0,Yes,DSA,DSA,1,2,0,0,8,6,8,1,9,3,1,7,8,8,4,5,Technical,0,3,0,65,53,No,No,No,1,1,1,6.89,6.21
Student_261,2023BCA261,IT,6,8.12,7.43,99.8,0,Yes,OS,Math,0,0,3,1,7,4,8,4,10,2,6,5,1,6,2,3,Mixed,14,6,5,6,56,Yes,No,No,8,7,0,8.3,0.0
Student_262,2023BCA262,ECE,3,7.05,5.72,68.4,0,Yes,AI,DBMS,5,1,0,0,2,8,4,3,6,4,8,9,5,4,3,3,Mixed,0,9,10,33,41,No,Yes,Yes,1,6,1,7.6,14.58
Student_263,2023BCA263,CE,5,7.76,7.85,72.4,1,No,CN,CN,2,1,1,0,6,3,5,1,1,3,7,4,4,6,2,5,Mixed,5,2,33,31,97,No,No,No,6,7,0,7.5,0.0
Student_264,2023BCA264,CSE,7,7.18,8.49,86.1,1,Yes,AI,Math,0,2,1,0,3,4,4,5,9,7,2,10,3,8,5,5,Mixed,6,6,83,38,70,Yes,No,No,7,7,1,6.88,13.51
Student_265,2023BCA265,ME,5,6.47,5.09,94.3,1,No,DBMS,Math,4,1,1,0,8,6,9,6,6,10,5,6,5,8,6,5,Mixed,18,3,62,95,30,Yes,No,Yes,10,8,1,6.66,5.11
Student_266,2023BCA266,CSE,5,9.74,8.61,79.7,0,Yes,Math,DBMS,5,1,0,0,10,7,2,2,4,8,4,5,10,10,7,1,Mixed,11,7,52,42,51,No,Yes,No,2,8,0,9.8,0.0
Student_267,2023BCA267,ME,5,8.82,8.68,69.6,0,No,Math,CN,5,0,2,0,3,4,8,3,4,6,9,1,3,2,3,5,Mixed,0,8,84,42,1,No,Yes,No,4,10,0,9.11,0.0
Student_268,2023BCA268,CSE,2,5.7,7.0,70.6,1,Yes,DBMS,OS,4,0,0,0,10,4,2,6,3,3,10,5,8,8,4,0,Management,6,6,84,77,82,Yes,Yes,No,3,2,0,6.15,0.0
Student_269,2023BCA269,CE,2,9.34,8.79,84.8,1,Yes,DBMS,AI,2,2,2,0,9,7,1,4,7,6,1,5,3,6,8,5,Technical,18,7,17,2,37,Yes,No,No,9,4,0,9.74,0.0
Student_270,2023BCA270,ME,3,7.44,7.46,50.2,1,Yes,CN,CN,5,2,1,0,1,6,10,9,3,2,6,9,1,2,4,0,Technical,12,7,20,45,31,Yes,No,No,7,4,1,8.07,9.68
Student_271,2023BCA271,ECE,1,9.47,8.09,81.0,2,No,DBMS,DSA,1,1,3,0,5,8,3,5,2,7,3,1,9,1,7,1,Mixed,11,1,18,31,9,Yes,Yes,No,2,10,1,9.45,5.97
Student_272,2023BCA272,CSE,5,9.0,7.95,67.8,1,Yes,OS,Math,2,0,2,0,3,1,9,4,10,10,9,5,9,6,6,3,Technical,11,8,3,42,7,Yes,No,No,6,8,0,8.75,0.0
Student_273,2023BCA273,CSE,6,7.13,8.59,89.7,2,Yes,AI,DSA,4,2,1,1,6,10,3,2,8,7,5,7,6,7,7,0,Mixed,12,5,76,99,89,No,No,No,9,3,0,7.29,0.0
Student_274,2023BCA274,ME,1,5.11,6.51,54.6,1,No,AI,OS,2,2,1,0,10,7,9,6,4,4,6,6,10,10,1,1,Management,13,10,81,80,93,No,Yes,No,3,3,0,4.74,0.0
Student_275,2023BCA275,ECE,6,6.34,4.85,79.4,0,No,DSA,DSA,0,2,2,0,2,7,7,10,8,8,9,6,1,5,3,5,Technical,11,3,28,2,74,Yes,No,No,6,2,0,6.19,0.0
Student_276,2023BCA276,ECE,1,7.71,9.07,74.0,2,Yes,DBMS,CN,2,1,3,0,9,7,10,2,1,4,9,7,8,10,6,1,Technical,19,4,24,73,19,No,No,No,3,1,1,7.46,9.86
Student_277,2023BCA277,CE,3,8.17,8.59,82.1,0,No,DBMS,DSA,1,0,1,0,6,7,1,7,5,7,8,6,2,8,3,5,Management,11,9,55,62,19,No,Yes,Yes,3,8,0,8.15,0.0
Student_278,2023BCA278,ECE,5,6.29,7.39,53.2,0,Yes,OS,OS,0,2,2,0,7,10,10,3,9,4,9,5,9,9,7,1,Management,5,4,76,39,8,Yes,No,No,4,9,1,5.92,10.75
Student_279,2023BCA279,ECE,5,5.7,5.56,79.0,0,Yes,Math,OS,3,0,3,0,5,10,5,9,1,5,4,10,8,4,9,3,Management,9,6,62,17,71,Yes,Yes,Yes,9,9,0,5.24,0.0
Student_280,2023BCA280,ECE,4,9.17,9.22,78.1,2,Yes,Math,OS,4,2,3,1,9,8,9,5,4,7,6,5,3,7,3,0,Technical,19,8,26,66,14,Yes,No,Yes,8,8,0,9.46,0.0
Student_281,2023BCA281,IT,6,9.92,9.89,78.0,1,No,AI,CN,4,2,1,0,1,9,3,8,6,10,5,9,5,8,1,3,Technical,8,6,59,61,97,No,No,Yes,1,5,1,10.0,10.14
Student_282,2023BCA282,CE,1,7.63,8.13,80.2,0,No,AI,OS,2,0,0,1,5,9,9,6,10,3,5,8,9,6,10,2,Management,1,8,82,9,87,Yes,No,No,1,1,1,7.98,11.28
Student_283,2023BCA283,CSE,1,5.86,4.78,83.8,3,Yes,CN,Math,5,0,0,0,10,2,5,10,8,10,4,10,1,2,6,5,Management,6,3,48,51,96,No,Yes,Yes,7,9,1,6.15,7.72
Student_284,2023BCA284,ME,8,6.36,4.95,90.2,3,Yes,OS,OS,0,0,1,1,6,7,9,8,3,5,2,4,9,7,1,0,Management,8,9,64,72,62,Yes,Yes,No,3,6,1,6.0,13.56
Student_285,2023BCA285,CSE,8,5.09,4.51,63.5,1,Yes,DSA,DSA,3,1,3,0,7,7,10,3,5,3,6,4,4,9,1,3,Management,11,9,37,45,90,Yes,Yes,No,7,7,1,4.94,14.76
Student_286,2023BCA286,CE,2,9.57,10.0,91.3,0,No,DSA,AI,0,2,1,0,4,4,6,3,7,5,9,10,4,5,8,0,Management,4,3,82,54,20,Yes,No,Yes,9,8,0,9.23,0.0
Student_287,2023BCA287,ME,4,5.59,4.7,74.9,0,No,OS,DSA,4,1,2,0,1,9,9,5,1,3,1,5,4,2,9,2,Mixed,0,5,51,45,4,Yes,Yes,Yes,3,5,1,6.1,7.69
Student_288,2023BCA288,CE,7,7.88,8.4,53.9,0,Yes,DSA,AI,0,0,0,0,8,8,7,10,7,10,7,3,10,4,2,4,Management,14,7,0,74,34,No,No,No,3,6,1,8.28,8.66
Student_289,2023BCA289,ECE,8,6.37,7.78,52.9,1,No,Math,DSA,3,2,2,1,10,1,7,3,8,7,6,8,9,3,9,5,Mixed,7,8,39,59,84,No,Yes,No,2,7,0,6.11,0.0
Student_290,2023BCA290,ME,7,7.77,6.55,66.7,1,No,DSA,CN,5,1,1,0,4,2,8,8,8,1,3,7,6,4,5,5,Technical,0,0,80,96,67,Yes,Yes,No,10,7,1,7.68,10.75
Student_291,2023BCA291,ECE,2,8.26,8.78,89.2,6,Yes,DSA,DSA,2,2,1,0,3,2,7,10,9,9,1,5,8,10,8,1,Technical,17,0,20,99,47,No,Yes,No,1,2,0,8.92,0.0
Student_292,2023BCA292,CSE,2,9.15,8.98,85.4,0,Yes,OS,CN,1,1,3,0,7,8,9,8,6,9,4,10,4,7,7,5,Mixed,12,7,85,25,79,No,No,No,9,1,0,9.36,0.0
Student_293,2023BCA293,CSE,2,6.03,7.13,89.4,0,Yes,OS,CN,0,0,3,0,2,1,9,2,6,5,9,3,3,10,7,5,Management,0,10,14,26,94,Yes,No,No,6,8,1,6.49,3.21
Student_294,2023BCA294,ME,6,5.05,4.08,75.9,0,Yes,DSA,OS,1,1,3,0,8,4,6,4,2,9,2,5,1,8,4,3,Technical,4,6,49,37,89,No,Yes,No,6,5,1,4.87,12.34
Student_295,2023BCA295,ME,6,5.68,6.26,72.0,0,Yes,DBMS,Math,4,2,2,0,6,10,7,10,3,10,3,3,10,1,2,5,Management,17,8,47,21,61,Yes,Yes,No,8,10,1,5.43,6.94
Student_296,2023BCA296,CE,3,9.5,10.0,57.4,2,Yes,OS,AI,2,2,3,0,7,5,2,1,4,6,2,10,7,8,5,5,Management,15,10,31,25,34,Yes,No,No,5,2,0,9.94,0.0
Student_297,2023BCA297,CE,3,9.37,10.0,66.4,0,No,CN,OS,2,2,1,1,5,9,9,4,4,5,2,5,4,5,3,2,Mixed,9,2,48,85,69,Yes,Yes,Yes,9,3,1,9.69,12.58
Student_298,2023BCA298,ECE,2,7.99,8.54,71.7,2,Yes,CN,OS,0,2,3,0,9,7,1,4,8,3,10,1,8,7,9,2,Technical,3,9,67,68,96,No,No,No,5,6,1,8.31,3.56
Student_299,2023BCA299,ME,4,8.0,7.99,54.4,1,Yes,Math,CN,5,0,0,0,5,8,1,10,1,8,8,6,3,1,6,0,Technical,0,4,44,34,20,Yes,No,No,2,10,0,8.16,0.0
Student_300,2023BCA300,CSE,1,8.33,8.68,61.0,0,Yes,DSA,CN,2,1,3,0,5,9,3,9,10,4,3,10,1,2,1,0,Mixed,7,2,31,65,79,No,No,No,6,6,1,8.51,7.78
Student_301,2023BCA301,CE,6,5.88,6.99,79.9,1,Yes,DBMS,AI,0,0,2,0,3,7,6,3,4,10,7,4,5,1,3,5,Management,4,4,3,98,38,No,No,Yes,9,8,1,6.26,5.76
Student_302,2023BCA302,CE,4,9.57,9.78,86.8,2,Yes,Math,DSA,0,0,0,0,1,5,5,2,4,3,8,4,2,5,4,5,Management,1,9,64,72,33,Yes,No,No,3,5,1,9.39,7.05
Student_303,2023BCA303,CSE,5,7.09,5.68,99.9,0,Yes,DSA,DSA,1,0,0,0,2,5,2,9,1,6,3,8,3,6,9,1,Technical,16,0,96,50,14,Yes,No,Yes,10,5,0,7.01,0.0
Student_304,2023BCA304,CE,6,6.92,8.21,96.7,0,Yes,OS,OS,2,2,0,0,8,10,9,9,3,8,2,2,6,10,6,0,Mixed,6,10,70,17,5,Yes,No,Yes,4,7,0,7.47,0.0
Student_305,2023BCA305,ECE,6,7.59,8.16,82.1,0,Yes,CN,DBMS,0,2,2,0,1,6,10,1,5,9,8,4,3,9,4,3,Mixed,16,3,72,42,65,Yes,No,Yes,10,10,1,7.46,13.61
Student_306,2023BCA306,ME,3,5.23,5.76,71.1,1,Yes,AI,DBMS,1,2,1,1,7,5,4,6,6,6,3,2,3,8,1,5,Management,5,5,64,11,87,Yes,Yes,No,8,5,1,5.39,14.24
Student_307,2023BCA307,CSE,1,5.83,4.98,81.8,0,Yes,DBMS,DSA,3,1,3,0,5,9,4,10,9,5,7,1,6,7,8,3,Management,14,1,79,2,55,Yes,Yes,Yes,6,9,1,6.17,7.09
Student_308,2023BCA308,ME,1,8.69,9.17,89.3,2,No,AI,DBMS,1,2,0,0,3,3,5,8,9,2,1,10,5,5,2,5,Mixed,4,6,17,81,48,Yes,Yes,No,7,6,0,9.39,0.0
Student_309,2023BCA309,CE,8,5.41,5.09,55.9,1,Yes,CN,DSA,1,1,0,1,7,3,8,3,9,2,6,3,10,3,8,3,Technical,14,7,53,6,91,Yes,No,Yes,7,7,1,5.43,5.81
Student_310,2023BCA310,CE,7,8.02,8.47,70.5,0,Yes,AI,CN,0,2,0,1,9,7,10,9,1,9,9,8,9,9,6,4,Management,17,0,46,96,0,Yes,No,No,4,8,1,8.03,12.96
Student_311,2023BCA311,CSE,7,6.23,5.05,92.0,0,No,OS,OS,4,2,1,0,2,7,4,2,9,2,3,6,1,5,8,3,Mixed,17,3,5,5,64,Yes,Yes,Yes,6,5,0,6.74,0.0
Student_312,2023BCA312,ECE,7,6.95,7.42,69.2,2,Yes,DSA,Math,4,0,1,0,8,6,5,6,8,2,7,7,3,3,6,0,Mixed,20,10,65,81,27,No,Yes,Yes,9,4,1,7.42,5.83
Student_313,2023BCA313,IT,7,6.44,7.94,78.6,1,Yes,OS,OS,5,0,2,0,9,3,4,1,2,3,6,2,3,3,5,5,Mixed,20,3,8,44,99,No,Yes,No,3,8,1,6.82,7.52
Student_314,2023BCA314,CSE,5,6.78,5.42,79.4,0,No,AI,DSA,4,0,1,1,3,7,6,7,1,3,8,6,6,3,5,0,Technical,5,4,67,85,19,Yes,No,No,8,10,0,6.84,0.0
Student_315,2023BCA315,IT,5,8.6,10.0,59.2,1,Yes,OS,DSA,1,1,3,1,2,5,3,3,1,4,3,8,8,6,10,3,Management,1,3,22,38,47,Yes,No,Yes,7,9,0,8.49,0.0
Student_316,2023BCA316,IT,6,6.49,6.21,68.1,0,Yes,CN,OS,5,1,2,0,7,7,8,7,6,7,3,8,3,1,10,2,Management,16,8,42,50,71,Yes,No,Yes,4,1,1,6.72,13.66
Student_317,2023BCA317,ECE,2,7.83,8.94,66.7,4,No,DBMS,AI,0,2,2,0,5,2,6,4,9,9,4,4,3,4,8,2,Management,20,6,50,8,64,Yes,Yes,Yes,10,3,1,8.38,7.57
Student_318,2023BCA318,IT,3,7.38,8.23,51.3,1,No,OS,DSA,2,1,3,0,5,6,10,9,7,2,3,6,6,8,7,2,Technical,3,1,71,98,89,Yes,No,No,3,4,1,7.94,13.9
Student_319,2023BCA319,IT,3,8.32,8.52,51.2,5,No,CN,DBMS,1,2,3,0,10,8,5,5,5,4,9,5,8,3,8,5,Management,11,0,24,22,50,No,Yes,No,7,7,0,7.95,0.0
Student_320,2023BCA320,ECE,7,9.68,10.0,91.6,1,Yes,DBMS,DBMS,1,1,3,0,5,1,2,3,2,9,4,9,6,5,8,1,Management,18,8,79,11,42,No,No,No,10,6,0,9.69,0.0
Student_321,2023BCA321,IT,6,8.66,9.8,63.7,0,Yes,DSA,DSA,5,1,2,0,4,4,10,8,1,2,6,8,10,2,7,4,Management,1,0,34,87,48,Yes,Yes,Yes,9,10,1,8.72,14.16
Student_322,2023BCA322,IT,8,6.07,5.78,75.9,2,Yes,AI,DSA,0,1,2,1,5,1,10,6,2,10,8,2,3,2,2,3,Management,1,5,16,61,24,No,Yes,No,10,10,1,6.74,13.89
Student_323,2023BCA323,IT,4,5.16,4.64,64.9,4,Yes,DSA,AI,3,0,2,0,4,1,7,2,1,1,8,7,4,7,9,1,Technical,13,1,17,72,73,Yes,Yes,Yes,3,1,0,5.47,0.0
Student_324,2023BCA324,CSE,2,6.31,6.81,97.0,2,Yes,Math,DBMS,1,1,3,0,6,10,2,3,3,10,5,7,1,10,7,2,Mixed,14,3,26,76,75,Yes,Yes,Yes,10,4,1,6.3,5.47
Student_325,2023BCA325,CSE,6,7.98,8.9,63.0,1,Yes,CN,DSA,3,0,3,0,4,8,1,8,6,8,5,1,8,3,6,3,Mixed,19,5,14,39,40,Yes,No,No,9,6,0,7.51,0.0
Student_326,2023BCA326,CSE,2,5.26,6.05,71.5,0,No,DBMS,DSA,3,0,0,0,2,7,7,10,8,9,6,1,4,5,9,1,Management,1,4,80,53,70,Yes,Yes,No,8,3,0,5.44,0.0
Student_327,2023BCA327,ECE,2,7.48,8.37,93.6,2,Yes,OS,AI,4,1,1,0,9,10,5,7,3,7,10,4,6,3,1,0,Management,3,10,68,80,63,Yes,Yes,Yes,3,2,0,7.1,0.0
Student_328,2023BCA328,CE,2,7.98,7.79,92.1,2,Yes,DSA,AI,0,2,0,0,2,1,1,10,10,8,7,5,3,6,2,2,Management,18,5,79,6,60,Yes,No,No,8,2,0,8.48,0.0
Student_329,2023BCA329,IT,6,6.67,7.62,59.3,0,Yes,DBMS,OS,3,2,3,0,9,2,4,6,9,4,10,4,6,10,1,1,Technical,8,2,14,16,11,Yes,No,No,4,10,1,7.07,4.35
Student_330,2023BCA330,IT,7,8.85,7.71,90.1,0,Yes,CN,AI,0,2,2,1,10,4,4,1,10,4,7,7,9,3,10,5,Management,6,4,41,49,80,Yes,Yes,No,6,4,1,8.9,8.42
Student_331,2023BCA331,ECE,3,5.53,5.66,72.9,0,Yes,Math,Math,4,1,3,0,6,1,10,9,5,2,4,3,9,8,3,0,Technical,12,1,33,23,68,No,No,No,10,1,1,5.55,5.31
Student_332,2023BCA332,IT,3,5.38,3.9,74.1,1,Yes,DSA,DBMS,0,2,1,0,9,3,7,3,7,8,6,7,10,2,5,2,Management,11,6,47,1,13,No,No,No,2,10,1,5.96,13.73
Student_333,2023BCA333,CSE,7,8.64,8.11,56.7,1,Yes,AI,OS,1,0,0,0,9,8,9,5,8,2,7,8,3,3,1,4,Management,2,2,82,98,33,Yes,Yes,No,8,2,1,8.49,14.57
Student_334,2023BCA334,CE,2,7.48,7.08,54.0,0,Yes,DBMS,Math,3,2,0,0,3,8,2,7,3,9,5,6,3,8,4,2,Mixed,12,0,7,91,47,Yes,Yes,No,9,10,1,7.28,8.74
Student_335,2023BCA335,ME,4,8.44,8.13,86.4,2,No,AI,DSA,0,1,2,0,1,8,1,7,2,4,5,6,4,8,8,5,Management,14,7,9,82,60,Yes,Yes,No,7,2,1,9.07,4.25
Student_336,2023BCA336,IT,1,7.17,7.76,74.8,1,No,DBMS,DSA,2,2,0,0,1,6,2,3,2,1,2,8,7,1,6,4,Technical,13,7,4,32,80,No,No,Yes,8,4,1,7.64,12.42
Student_337,2023BCA337,CSE,6,6.23,5.9,71.8,1,Yes,DBMS,OS,0,0,0,0,3,6,7,4,5,4,7,8,3,8,1,4,Mixed,8,2,47,20,34,Yes,Yes,No,7,4,1,6.71,11.37
Student_338,2023BCA338,ME,1,9.1,8.95,86.5,0,Yes,CN,AI,3,1,3,0,5,5,10,10,1,3,6,7,10,10,1,4,Technical,12,6,25,73,64,Yes,Yes,Yes,10,1,1,8.83,7.26
Student_339,2023BCA339,CE,8,9.0,8.21,88.3,0,No,CN,DSA,4,2,0,0,3,9,6,7,2,6,1,6,8,2,3,3,Mixed,3,8,85,52,58,Yes,No,Yes,4,7,0,8.67,0.0
Student_340,2023BCA340,ME,7,8.47,8.09,57.9,1,No,CN,CN,4,1,0,0,9,4,4,8,9,7,4,6,8,7,10,3,Technical,20,7,22,45,35,Yes,No,No,1,7,1,8.0,14.71
Student_341,2023BCA341,CSE,4,6.36,5.54,80.5,1,Yes,OS,OS,3,1,0,1,9,10,1,2,7,8,3,10,6,6,8,4,Mixed,7,2,61,44,78,Yes,Yes,Yes,3,10,1,6.14,9.69
Student_342,2023BCA342,ME,6,7.95,6.67,56.8,1,No,DBMS,Math,1,1,2,1,3,7,1,9,6,2,3,6,4,2,8,0,Technical,2,1,12,8,18,No,No,No,7,10,1,8.38,9.79
Student_343,2023BCA343,ECE,7,6.8,7.11,87.6,1,Yes,DSA,OS,1,2,2,0,3,1,5,7,9,6,7,8,5,5,3,4,Technical,1,9,8,5,41,No,Yes,No,7,10,0,6.59,0.0
Student_344,2023BCA344,ME,2,5.46,5.96,82.8,3,No,AI,DBMS,4,1,3,0,5,9,1,8,7,6,10,1,2,7,7,1,Management,18,6,19,50,68,Yes,Yes,No,3,1,1,5.83,10.01
Student_345,2023BCA345,IT,3,9.59,9.95,97.8,1,No,CN,AI,4,2,0,1,2,7,7,6,5,10,4,5,6,8,3,4,Mixed,7,6,91,34,18,Yes,No,Yes,1,8,1,9.39,8.28
Student_346,2023BCA346,IT,1,5.68,5.57,53.4,1,Yes,CN,AI,3,0,2,0,6,10,1,6,9,5,8,3,3,3,4,3,Mixed,16,8,56,81,38,Yes,No,Yes,10,10,0,5.65,0.0
Student_347,2023BCA347,ECE,5,9.75,9.39,52.9,1,No,AI,OS,1,2,2,0,7,9,1,9,6,10,9,8,6,1,9,3,Management,12,4,100,52,68,Yes,Yes,No,9,7,1,10.0,3.81
Student_348,2023BCA348,CSE,5,7.23,8.32,64.1,0,Yes,AI,DSA,4,0,3,1,9,7,2,4,6,10,3,6,5,7,4,1,Technical,6,3,23,18,51,No,No,No,6,7,0,7.02,0.0
Student_349,2023BCA349,IT,4,5.93,5.99,63.1,1,No,DBMS,DSA,1,2,1,0,6,2,10,5,4,7,5,2,2,5,3,1,Technical,8,7,32,68,11,Yes,No,Yes,7,6,0,5.88,0.0
Student_350,2023BCA350,CE,2,7.71,7.65,62.3,1,Yes,CN,CN,4,1,0,1,3,6,3,9,1,3,4,7,5,5,5,2,Mixed,11,3,19,24,82,Yes,Yes,Yes,1,4,1,7.57,9.5
Student_351,2023BCA351,IT,8,9.36,7.94,95.3,0,No,AI,CN,0,2,2,1,5,10,1,1,5,4,10,7,5,7,7,0,Technical,13,3,59,10,46,Yes,No,No,1,8,1,8.99,10.22
Student_352,2023BCA352,IT,1,8.66,8.18,62.5,0,Yes,OS,AI,2,1,3,0,4,4,9,4,9,10,6,5,9,1,5,0,Mixed,13,1,47,73,75,No,Yes,Yes,4,2,1,8.75,10.3
Student_353,2023BCA353,CSE,2,9.03,8.67,63.6,0,Yes,OS,CN,5,0,3,1,5,3,10,7,8,9,10,8,8,8,4,0,Mixed,14,0,63,16,35,No,No,No,7,7,1,8.98,7.66
Student_354,2023BCA354,ME,1,8.29,7.99,88.0,1,Yes,CN,Math,0,2,3,0,8,2,8,9,8,4,4,5,7,10,8,5,Technical,2,3,29,35,62,Yes,No,No,8,3,0,8.62,0.0
Student_355,2023BCA355,IT,4,8.46,8.7,72.5,2,No,AI,CN,5,1,2,0,8,6,5,10,5,3,8,1,3,5,4,3,Technical,14,6,72,89,75,Yes,Yes,No,10,3,0,8.94,0.0
Student_356,2023BCA356,ECE,4,9.25,9.35,88.8,1,No,DBMS,Math,4,0,0,0,6,8,2,6,9,2,3,9,10,8,2,0,Technical,18,8,16,94,81,Yes,Yes,No,9,7,0,9.4,0.0
Student_357,2023BCA357,ME,8,6.25,6.57,53.3,1,No,DBMS,CN,2,0,1,0,1,6,5,8,3,5,5,4,4,10,10,2,Management,19,8,99,95,50,No,Yes,Yes,1,3,0,5.79,0.0
Student_358,2023BCA358,CE,5,7.45,8.24,74.4,0,No,DBMS,AI,2,2,0,0,8,9,6,9,3,4,1,2,6,10,6,2,Mixed,13,9,13,20,42,Yes,Yes,No,4,5,1,7.69,8.28
Student_359,2023BCA359,CSE,2,6.11,7.05,51.7,3,Yes,Math,AI,4,0,3,0,8,5,1,10,1,8,6,4,3,5,2,0,Technical,7,0,18,17,33,Yes,Yes,No,4,8,1,5.68,10.79
Student_360,2023BCA360,CE,6,9.94,10.0,53.1,2,Yes,CN,Math,4,1,3,0,2,2,4,4,9,7,5,9,9,7,3,1,Management,4,4,70,59,96,Yes,Yes,No,3,4,0,10.0,0.0
Student_361,2023BCA361,ME,5,9.72,10.0,95.3,0,Yes,DBMS,OS,1,0,1,0,4,8,9,1,6,6,8,2,8,10,1,2,Technical,18,6,58,17,48,No,No,No,7,7,0,10.0,0.0
Student_362,2023BCA362,ME,2,5.2,3.75,57.0,1,Yes,OS,AI,4,0,0,0,2,9,2,8,2,2,9,4,6,3,5,1,Mixed,3,6,66,0,17,Yes,Yes,No,1,7,1,4.94,13.22
Student_363,2023BCA363,ME,5,8.53,7.62,76.6,0,Yes,AI,OS,3,1,3,0,4,10,5,2,8,3,8,2,4,2,9,3,Management,13,9,96,13,60,Yes,No,Yes,9,2,0,9.01,0.0
Student_364,2023BCA364,CE,6,9.63,8.15,70.6,1,Yes,DSA,DSA,4,0,3,1,10,4,1,1,9,10,8,5,7,6,2,5,Mixed,15,5,43,7,56,Yes,No,No,8,8,1,10.0,14.97
Student_365,2023BCA365,ME,3,5.9,6.34,67.4,0,Yes,DSA,Math,3,0,0,1,7,6,4,7,9,9,3,3,3,5,7,2,Technical,19,10,31,65,92,No,Yes,No,2,10,1,6.38,6.39
Student_366,2023BCA366,CE,3,7.84,9.03,95.0,0,Yes,DBMS,AI,4,0,3,0,9,10,4,10,2,9,4,10,10,9,5,1,Technical,5,9,10,50,4,No,No,No,2,10,0,7.71,0.0
Student_367,2023BCA367,ME,8,9.58,8.81,51.1,2,Yes,DSA,DBMS,1,0,0,1,8,8,6,9,2,5,4,2,8,10,2,0,Technical,5,3,1,78,88,No,Yes,No,8,9,0,9.78,0.0
Student_368,2023BCA368,ECE,3,5.17,6.45,83.2,2,Yes,DSA,DSA,3,1,3,0,9,9,10,9,7,3,5,9,1,4,8,3,Management,2,2,89,59,23,Yes,Yes,No,1,6,1,5.77,9.77
Student_369,2023BCA369,ME,3,8.49,7.17,98.2,2,No,Math,OS,0,0,0,0,8,5,9,3,4,2,9,5,3,3,6,4,Management,14,8,67,33,92,Yes,No,No,7,5,0,8.37,0.0
Student_370,2023BCA370,CE,7,6.49,7.79,78.0,0,No,OS,AI,3,1,1,0,2,6,3,6,1,8,9,10,5,9,4,4,Management,2,9,16,35,63,No,Yes,No,9,1,0,6.97,0.0
Student_371,2023BCA371,IT,1,9.62,9.17,96.8,2,No,OS,Math,1,0,3,0,7,4,9,7,8,6,10,5,5,8,4,0,Management,10,3,80,61,58,Yes,No,Yes,3,1,0,9.13,0.0
Student_372,2023BCA372,ME,7,9.86,8.66,52.6,1,Yes,Math,CN,5,0,1,1,2,5,6,10,2,10,1,1,10,6,2,3,Technical,2,7,91,0,37,No,No,No,7,9,1,9.36,8.4
Student_373,2023BCA373,IT,7,9.72,9.68,70.9,0,Yes,Math,DBMS,3,0,3,0,2,7,7,9,3,7,8,6,2,1,3,3,Technical,9,0,93,84,32,No,No,No,6,4,1,10.0,6.37
Student_374,2023BCA374,ECE,8,7.37,6.64,63.0,1,No,DSA,OS,4,0,3,0,4,9,10,2,5,1,1,7,10,10,7,3,Technical,17,6,39,41,9,Yes,No,No,7,1,0,7.78,0.0
Student_375,2023BCA375,CSE,7,9.31,8.66,86.5,1,Yes,CN,DSA,4,1,2,0,1,10,2,8,3,1,2,1,8,1,3,3,Management,0,5,86,0,36,Yes,No,No,7,10,1,9.76,11.21
Student_376,2023BCA376,ECE,3,9.22,8.64,99.1,0,Yes,AI,Math,5,1,0,0,5,6,10,7,7,10,7,9,5,6,5,4,Management,15,0,45,95,96,No,Yes,No,10,3,1,9.84,6.75
Student_377,2023BCA377,ME,6,6.6,7.51,62.8,1,Yes,AI,DBMS,1,1,1,0,6,6,6,4,7,2,8,8,7,3,10,1,Technical,15,3,87,83,86,No,Yes,No,1,6,1,6.24,13.91
Student_378,2023BCA378,IT,8,9.14,9.26,82.7,0,Yes,DSA,Math,2,2,1,0,9,8,6,2,2,10,1,8,7,3,6,3,Technical,9,4,92,53,10,Yes,No,No,3,8,0,8.92,0.0
Student_379,2023BCA379,IT,8,5.19,4.62,59.9,0,Yes,AI,AI,4,0,1,0,10,4,2,8,7,3,3,7,5,6,6,1,Management,0,10,3,46,23,Yes,Yes,Yes,10,10,1,5.77,10.75
Student_380,2023BCA380,CE,4,7.98,8.31,78.3,0,Yes,Math,CN,0,0,0,0,8,3,2,5,6,1,7,5,8,3,4,3,Mixed,3,7,37,99,87,Yes,Yes,Yes,1,2,1,7.69,9.71
Student_381,2023BCA381,IT,8,6.15,6.8,73.2,0,Yes,OS,DSA,1,1,2,0,2,7,2,6,10,5,9,3,9,10,6,2,Technical,2,3,62,38,70,Yes,Yes,No,5,8,0,6.47,0.0
Student_382,2023BCA382,CE,4,5.6,4.92,98.6,2,Yes,AI,Math,3,2,1,0,1,5,10,7,9,3,8,9,4,6,3,5,Technical,4,2,28,29,20,Yes,No,No,3,1,0,5.74,0.0
Student_383,2023BCA383,CSE,8,5.38,5.12,80.4,3,Yes,DSA,OS,3,0,0,0,2,2,1,10,9,1,8,7,4,5,7,2,Technical,11,1,18,6,19,Yes,Yes,Yes,1,2,0,4.98,0.0
Student_384,2023BCA384,ME,1,8.48,7.35,67.5,0,No,CN,AI,0,1,3,0,7,2,5,1,2,8,9,10,8,4,7,5,Management,11,3,90,21,9,No,No,Yes,2,8,0,8.32,0.0
Student_385,2023BCA385,CE,3,6.7,5.74,55.7,0,Yes,DSA,AI,4,0,1,0,4,6,8,8,7,6,10,10,1,8,4,2,Technical,12,10,28,49,88,No,Yes,No,10,7,0,6.82,0.0
Student_386,2023BCA386,CSE,8,8.62,9.16,57.6,2,Yes,DBMS,DSA,1,0,1,0,10,8,2,4,5,9,3,8,4,2,2,3,Technical,11,9,99,44,46,No,Yes,No,5,5,1,9.14,11.52
Student_387,2023BCA387,IT,3,5.33,4.37,61.3,1,No,DSA,AI,0,1,2,0,5,1,5,9,6,3,8,6,6,7,7,1,Technical,15,3,34,73,99,Yes,Yes,No,3,10,1,5.68,3.67
Student_388,2023BCA388,IT,3,6.58,6.66,62.5,3,Yes,Math,OS,4,1,1,0,7,6,8,1,1,9,1,5,4,4,3,5,Technical,12,9,69,71,46,Yes,Yes,Yes,6,2,0,6.83,0.0
Student_389,2023BCA389,CSE,5,7.7,8.33,92.5,2,Yes,OS,Math,1,0,1,1,3,2,10,2,7,9,8,8,6,2,1,4,Technical,4,4,22,90,14,No,No,No,9,9,1,7.8,12.18
Student_390,2023BCA390,IT,8,8.95,7.77,78.1,2,Yes,OS,DSA,3,0,3,0,10,2,5,6,6,1,7,3,5,7,2,0,Mixed,3,6,45,9,43,Yes,Yes,No,6,5,1,8.81,12.34
Student_391,2023BCA391,CSE,2,6.59,6.79,76.2,3,Yes,AI,AI,1,1,0,0,2,7,2,10,4,3,8,7,9,1,10,5,Mixed,20,8,43,13,61,Yes,Yes,No,2,8,1,6.23,12.24
Student_392,2023BCA392,CE,5,8.13,7.4,55.7,0,Yes,Math,AI,5,0,0,1,7,10,3,1,1,6,1,2,10,4,9,5,Technical,14,1,47,45,5,Yes,No,No,2,4,1,8.12,5.72
Student_393,2023BCA393,CE,2,9.43,10.0,93.0,1,No,DBMS,OS,2,0,2,0,5,1,6,4,9,8,6,3,9,9,8,4,Technical,11,4,51,74,100,No,Yes,Yes,8,9,0,8.96,0.0
Student_394,2023BCA394,CSE,3,8.08,8.03,86.1,2,Yes,Math,CN,1,1,3,0,1,6,5,8,4,4,7,2,4,4,6,3,Technical,18,10,7,5,65,No,Yes,No,8,10,1,7.83,14.94
Student_395,2023BCA395,CE,3,6.16,7.08,53.4,1,Yes,DSA,CN,2,0,0,0,1,7,4,10,2,5,5,5,4,3,6,2,Technical,20,9,54,20,75,Yes,Yes,Yes,6,7,1,6.18,3.91
Student_396,2023BCA396,CE,5,5.12,5.27,85.4,1,Yes,Math,AI,1,0,3,0,9,8,4,5,8,9,5,7,8,10,1,2,Management,18,8,65,61,3,No,No,Yes,10,2,1,5.12,14.24
Student_397,2023BCA397,CE,5,9.35,7.98,77.2,3,Yes,Math,Math,2,2,0,0,5,7,5,9,2,6,7,10,10,10,2,1,Management,20,2,76,96,22,Yes,No,No,7,3,1,8.9,6.47
Student_398,2023BCA398,ECE,2,5.11,5.51,54.1,4,Yes,DBMS,DSA,5,1,3,1,1,6,2,6,5,7,3,10,4,2,4,3,Management,10,0,39,18,12,Yes,Yes,No,1,2,0,5.32,0.0
Student_399,2023BCA399,ME,4,9.37,10.0,72.9,1,Yes,DSA,AI,3,2,2,0,7,9,9,1,6,7,6,1,2,3,3,4,Mixed,20,1,84,87,80,No,Yes,No,9,5,0,9.53,0.0
Student_400,2023BCA400,IT,2,7.64,7.94,74.2,0,Yes,CN,DBMS,4,2,1,0,9,3,2,6,8,4,7,10,2,1,1,3,Technical,5,5,30,81,30,No,Yes,No,5,2,1,7.23,14.61
Student_401,2023BCA401,ECE,5,9.7,10.0,58.3,0,Yes,CN,DSA,2,2,2,1,1,6,10,6,1,4,1,9,1,10,8,3,Management,8,4,47,98,15,Yes,Yes,No,9,5,1,10.0,4.22
Student_402,2023BCA402,CE,6,8.99,10.0,97.3,4,Yes,OS,CN,5,0,0,1,10,4,2,6,1,4,2,1,5,8,7,2,Technical,0,0,99,61,40,Yes,No,No,2,9,1,8.61,8.97
Student_403,2023BCA403,CSE,5,9.99,9.17,92.5,2,Yes,AI,AI,2,0,2,0,4,2,10,8,4,5,4,1,6,1,4,4,Technical,11,0,60,100,89,No,No,Yes,8,2,0,10.0,0.0
Student_404,2023BCA404,CE,6,6.75,5.89,83.5,0,No,Math,OS,3,2,1,0,3,1,9,6,5,5,8,10,9,3,9,0,Mixed,13,10,51,82,91,No,Yes,No,7,9,1,6.25,6.91
Student_405,2023BCA405,ME,1,8.84,9.17,73.1,2,Yes,OS,DBMS,2,2,2,1,5,1,3,5,9,8,10,8,5,3,4,5,Mixed,5,3,37,52,0,No,No,Yes,4,7,1,9.4,10.75
Student_406,2023BCA406,CE,5,7.01,6.74,70.6,0,Yes,DBMS,AI,5,2,0,0,7,10,10,2,7,9,6,6,6,2,1,2,Management,0,3,90,23,11,Yes,Yes,No,3,7,1,6.53,4.57
Student_407,2023BCA407,CSE,1,7.4,8.42,82.5,1,Yes,CN,Math,5,0,0,0,8,3,7,4,7,2,1,6,6,5,10,4,Management,1,5,35,55,100,No,Yes,Yes,4,5,0,7.81,0.0
Student_408,2023BCA408,ME,4,8.14,9.34,77.3,2,No,Math,DBMS,0,2,2,1,2,4,4,10,8,7,10,9,3,10,1,1,Mixed,10,5,86,61,55,No,Yes,No,4,8,0,8.07,0.0
Student_409,2023BCA409,CE,2,9.37,8.93,53.1,0,Yes,DBMS,AI,3,2,1,0,7,2,6,5,5,1,5,4,4,3,1,5,Mixed,2,9,54,33,49,Yes,Yes,No,10,7,1,9.76,12.65
Student_410,2023BCA410,ME,6,9.92,9.13,75.6,2,Yes,AI,Math,0,1,2,0,1,1,4,10,5,1,7,8,1,3,1,5,Technical,9,5,84,21,19,No,No,No,10,6,1,9.9,13.32
Student_411,2023BCA411,IT,2,8.84,9.68,90.3,1,No,DBMS,DBMS,3,1,1,0,7,4,10,4,1,4,6,4,4,8,4,2,Technical,5,0,12,67,65,Yes,Yes,No,8,2,1,8.43,7.32
Student_412,2023BCA412,IT,1,7.09,6.41,73.0,1,No,Math,Math,2,0,3,0,8,7,7,2,9,10,9,2,1,4,1,1,Management,5,9,36,56,35,Yes,Yes,No,4,6,1,7.51,6.9
Student_413,2023BCA413,CE,6,7.11,8.08,52.6,1,Yes,AI,Math,5,1,1,0,2,10,1,7,6,7,8,8,5,4,2,2,Management,19,8,46,9,78,No,No,No,5,2,1,6.7,9.2
Student_414,2023BCA414,ME,2,8.69,8.46,89.3,2,Yes,DBMS,DBMS,0,1,3,0,9,6,3,10,9,2,4,7,8,3,4,3,Mixed,20,10,89,65,37,Yes,No,No,2,1,0,9.3,0.0
Student_415,2023BCA415,CSE,5,6.19,6.69,60.1,0,No,AI,DBMS,2,1,2,0,1,6,3,10,3,2,5,4,8,1,7,4,Management,1,6,70,7,21,Yes,No,No,4,9,0,5.75,0.0
Student_416,2023BCA416,CE,3,5.55,4.34,62.9,1,No,Math,Math,5,0,1,0,6,9,1,2,5,1,7,9,5,8,2,1,Technical,9,6,21,96,60,No,No,Yes,7,5,0,5.63,0.0
Student_417,2023BCA417,IT,1,6.77,7.14,58.2,0,No,Math,CN,3,1,3,0,1,2,6,1,2,10,8,9,10,1,8,5,Mixed,5,10,38,37,49,Yes,Yes,Yes,3,10,0,7.14,0.0
Student_418,2023BCA418,IT,2,6.44,6.3,66.5,0,Yes,AI,DBMS,5,0,3,0,3,4,9,5,10,2,5,8,2,7,7,2,Technical,16,6,86,61,95,Yes,No,Yes,1,10,1,6.41,4.0
Student_419,2023BCA419,CE,1,6.48,6.74,87.8,3,Yes,DSA,AI,2,2,3,0,6,5,8,1,5,7,9,1,6,5,9,5,Mixed,13,1,57,27,58,No,No,Yes,8,4,1,6.24,12.87
Student_420,2023BCA420,ME,7,6.17,5.17,76.0,1,Yes,OS,DSA,0,1,0,0,3,1,7,1,8,9,10,7,1,4,6,1,Mixed,4,1,29,9,19,Yes,No,No,8,8,0,6.58,0.0
Student_421,2023BCA421,IT,1,5.21,5.92,60.2,2,No,DBMS,OS,0,0,2,0,8,8,10,1,2,6,4,5,7,4,4,5,Technical,16,5,17,44,35,Yes,No,Yes,6,5,1,5.65,3.46
Student_422,2023BCA422,ME,6,5.09,6.18,93.9,1,Yes,DBMS,Math,5,1,3,0,5,8,8,6,8,10,4,7,4,8,6,2,Management,1,6,17,64,96,Yes,Yes,Yes,7,7,1,5.7,11.63
Student_423,2023BCA423,IT,7,9.94,9.09,94.0,1,Yes,DSA,Math,2,2,1,0,2,6,6,9,4,2,8,9,5,6,4,2,Management,8,2,73,97,14,Yes,No,Yes,10,3,1,9.89,6.36
Student_424,2023BCA424,IT,8,7.14,5.93,93.5,0,No,DSA,OS,1,0,3,1,4,5,9,10,10,10,1,2,6,1,7,0,Management,11,3,38,66,61,No,Yes,No,2,8,0,7.25,0.0
Student_425,2023BCA425,ECE,6,6.92,5.49,61.9,0,Yes,DSA,CN,3,0,0,0,9,8,3,1,10,10,8,4,1,10,9,5,Management,18,2,93,8,2,No,Yes,No,5,8,1,6.86,9.66
Student_426,2023BCA426,IT,3,8.4,8.83,72.6,1,No,CN,OS,3,0,2,0,4,3,10,5,1,9,5,4,9,8,3,0,Technical,6,6,25,4,92,Yes,Yes,No,7,3,0,8.21,0.0
Student_427,2023BCA427,CSE,7,6.09,6.41,99.2,1,Yes,CN,DBMS,2,2,0,1,10,3,10,9,5,7,1,2,10,2,3,0,Mixed,8,6,70,9,90,No,No,No,9,9,1,6.49,14.19
Student_428,2023BCA428,CE,8,9.75,9.89,88.6,0,Yes,AI,OS,1,2,0,0,10,2,9,9,1,1,4,3,4,6,2,5,Technical,20,3,6,11,4,Yes,Yes,Yes,1,8,1,9.66,8.43
Student_429,2023BCA429,CE,5,8.93,8.13,51.4,1,Yes,CN,Math,0,2,0,0,8,5,4,1,7,9,2,8,8,9,1,1,Management,15,6,68,81,55,Yes,No,No,3,1,0,8.94,0.0
Student_430,2023BCA430,ME,1,5.45,5.12,53.3,1,No,Math,OS,4,0,1,0,5,3,7,8,8,2,4,9,5,1,1,3,Management,19,4,64,57,30,No,Yes,No,6,8,1,5.43,9.01
Student_431,2023BCA431,IT,2,7.09,7.37,73.2,0,Yes,AI,DSA,4,2,2,0,10,3,9,1,3,4,8,6,8,6,3,2,Technical,10,0,45,20,85,No,No,Yes,7,4,1,7.45,10.25
Student_432,2023BCA432,CSE,4,9.4,9.39,95.5,0,Yes,DBMS,AI,2,1,2,1,1,6,2,8,3,9,5,10,1,8,7,4,Mixed,11,9,17,20,34,Yes,Yes,No,6,6,1,10.0,6.63
Student_433,2023BCA433,ME,1,9.72,10.0,76.9,1,No,OS,DBMS,1,2,1,0,7,8,2,1,7,4,1,2,8,10,9,0,Technical,14,3,12,64,70,Yes,No,No,1,10,1,10.0,5.4
Student_434,2023BCA434,ECE,8,7.34,6.25,74.9,2,Yes,Math,OS,1,0,2,0,3,2,9,5,4,3,7,2,4,2,2,1,Technical,17,6,24,2,69,Yes,No,No,4,9,0,7.41,0.0
Student_435,2023BCA435,ME,1,8.07,8.66,55.3,0,Yes,DBMS,Math,3,1,0,0,10,4,3,8,3,1,1,7,2,5,7,5,Technical,18,1,7,68,25,Yes,Yes,No,6,5,0,8.51,0.0
Student_436,2023BCA436,ME,3,5.84,5.55,82.8,1,Yes,DBMS,AI,0,2,2,0,8,7,9,6,8,7,9,8,6,6,1,1,Mixed,15,1,73,88,0,Yes,Yes,Yes,8,7,1,6.11,7.68
Student_437,2023BCA437,IT,5,9.96,9.74,91.1,0,Yes,AI,DBMS,5,1,1,0,3,1,5,9,3,6,3,8,2,5,2,1,Technical,14,0,31,63,82,No,No,Yes,10,1,0,9.53,0.0
Student_438,2023BCA438,ECE,4,6.16,6.81,69.0,0,Yes,DSA,Math,1,1,0,0,1,1,6,1,7,10,3,6,5,3,6,5,Technical,4,1,16,48,6,Yes,No,Yes,4,9,1,5.77,11.29
Student_439,2023BCA439,ME,7,9.71,10.0,88.8,0,Yes,DSA,CN,5,0,1,0,5,10,2,9,2,4,6,10,2,4,5,4,Management,10,9,78,71,35,No,No,Yes,7,6,0,9.26,0.0
Student_440,2023BCA440,CSE,7,8.25,9.72,98.2,2,Yes,Math,DSA,4,1,3,0,2,7,8,1,1,6,10,8,3,7,8,5,Technical,14,7,78,16,75,Yes,Yes,Yes,3,4,0,8.3,0.0
Student_441,2023BCA441,CSE,7,8.04,6.93,60.2,1,Yes,DSA,CN,5,1,0,1,4,7,9,10,6,6,6,1,6,4,2,4,Management,17,10,47,72,83,Yes,No,No,8,6,1,8.53,7.94
Student_442,2023BCA442,CE,8,7.56,6.37,76.2,1,Yes,DBMS,DSA,0,0,0,1,1,1,2,10,8,4,6,9,1,9,1,5,Management,12,7,62,31,86,Yes,Yes,Yes,1,5,0,7.44,0.0
Student_443,2023BCA443,ECE,6,6.15,6.82,64.4,1,Yes,DSA,OS,0,0,2,0,9,1,6,3,1,6,1,1,6,10,7,0,Management,3,7,39,69,24,Yes,No,No,4,3,1,6.11,5.83
Student_444,2023BCA444,ECE,6,5.88,6.12,89.6,1,Yes,CN,DBMS,5,0,0,0,6,4,6,1,10,10,5,3,3,2,6,4,Mixed,16,0,83,20,93,No,No,No,8,7,1,6.47,3.62
Student_445,2023BCA445,CE,2,6.1,5.42,78.9,0,Yes,DSA,OS,2,1,1,0,8,5,8,3,9,8,6,9,7,5,8,0,Management,3,0,14,6,58,Yes,Yes,No,10,3,1,6.6,14.95
Student_446,2023BCA446,ME,4,5.93,4.67,81.7,1,Yes,DBMS,DSA,1,1,2,0,4,5,10,2,3,3,8,5,2,8,8,4,Technical,15,9,98,6,60,Yes,No,No,4,2,1,6.23,11.84
Student_447,2023BCA447,ECE,7,8.9,7.66,89.9,0,Yes,AI,DSA,2,1,3,1,9,4,5,2,3,4,1,9,6,5,2,4,Technical,14,3,5,26,28,No,No,No,2,4,0,8.72,0.0
Student_448,2023BCA448,CSE,6,6.75,7.93,69.8,1,Yes,Math,DSA,5,0,1,0,2,8,9,9,4,10,5,9,8,10,8,5,Management,13,5,93,7,94,No,No,No,2,7,1,6.39,3.24
Student_449,2023BCA449,CSE,8,5.29,4.37,95.8,0,No,OS,AI,1,2,3,0,9,7,1,8,1,1,3,6,1,8,6,4,Management,11,7,62,72,17,Yes,Yes,No,4,5,1,4.81,11.63
Student_450,2023BCA450,IT,2,9.85,9.32,76.7,3,Yes,DSA,Math,3,1,3,1,5,9,9,1,9,4,2,1,9,8,9,0,Technical,2,1,7,27,40,Yes,Yes,No,4,9,1,9.48,8.27
Student_451,2023BCA451,ECE,5,9.42,8.6,57.9,0,No,DBMS,DBMS,2,2,3,0,6,7,10,4,3,10,8,10,5,9,7,5,Management,9,2,94,78,18,No,No,No,2,10,1,9.27,12.44
Student_452,2023BCA452,ME,2,9.64,9.2,84.8,1,No,OS,OS,2,0,0,1,3,10,7,1,10,10,7,7,5,10,2,2,Mixed,7,5,31,65,3,No,Yes,Yes,7,7,1,9.8,14.08
Student_453,2023BCA453,CE,6,9.97,8.68,89.7,0,Yes,OS,OS,5,1,1,1,4,1,4,1,4,9,10,6,5,6,8,0,Management,5,9,44,70,64,No,Yes,No,6,9,1,9.55,10.19
Student_454,2023BCA454,CE,3,5.87,5.93,65.8,2,Yes,CN,CN,4,2,1,0,6,7,3,4,1,8,7,9,6,4,9,2,Mixed,13,3,51,46,40,Yes,No,No,3,9,1,5.53,5.25
Student_455,2023BCA455,ME,8,6.98,5.68,92.9,0,Yes,OS,DSA,5,1,0,0,7,1,10,2,4,4,5,7,2,3,7,1,Mixed,16,1,78,81,14,No,Yes,No,8,2,0,6.7,0.0
Student_456,2023BCA456,IT,3,8.79,9.69,95.3,0,No,AI,DSA,2,1,2,1,1,7,6,3,1,7,9,4,6,5,4,5,Mixed,20,6,81,85,53,Yes,No,Yes,8,1,0,9.05,0.0
Student_457,2023BCA457,CE,7,8.48,7.68,63.8,1,Yes,DBMS,DSA,1,1,3,1,7,10,1,9,5,10,5,7,4,6,9,1,Management,18,3,12,9,63,Yes,Yes,No,1,4,1,8.72,9.96
Student_458,2023BCA458,ECE,3,5.77,5.89,99.2,2,Yes,DBMS,OS,4,2,1,0,1,8,3,2,5,3,2,2,8,3,4,5,Mixed,15,7,23,32,71,No,Yes,No,3,4,0,5.93,0.0
Student_459,2023BCA459,IT,7,9.08,10.0,57.0,0,Yes,DSA,CN,5,0,0,1,5,9,2,4,7,9,3,6,9,2,4,5,Mixed,14,7,39,6,14,Yes,No,Yes,5,2,0,8.88,0.0
Student_460,2023BCA460,ECE,7,6.12,6.57,60.1,0,No,DSA,Math,5,1,3,0,6,3,9,1,8,10,4,6,9,7,9,0,Management,14,6,13,2,78,Yes,No,No,2,3,0,6.07,0.0
Student_461,2023BCA461,CSE,6,6.12,6.22,59.2,3,No,DSA,AI,2,0,2,0,2,4,3,2,4,4,5,2,8,5,8,2,Mixed,0,9,91,13,49,Yes,No,No,5,3,1,5.74,11.82
Student_462,2023BCA462,IT,3,7.68,7.15,94.7,0,Yes,AI,DBMS,2,0,2,1,10,4,2,5,7,2,3,4,3,9,4,5,Management,11,8,74,43,21,Yes,No,No,10,5,0,7.45,0.0
Student_463,2023BCA463,CE,7,7.96,7.46,82.7,3,Yes,OS,Math,3,2,3,0,9,9,4,10,4,10,7,8,10,3,8,2,Technical,9,3,69,45,17,No,No,No,3,1,1,8.54,10.55
Student_464,2023BCA464,IT,4,7.9,8.41,57.6,2,Yes,OS,OS,5,2,2,1,10,7,2,1,3,5,5,8,4,8,8,5,Mixed,13,6,61,60,79,No,Yes,No,9,9,0,8.58,0.0
Student_465,2023BCA465,IT,5,5.46,6.94,72.0,1,Yes,CN,AI,2,0,1,0,6,3,1,7,6,2,5,8,1,6,7,2,Management,9,9,88,35,1,Yes,Yes,No,1,8,1,5.74,5.06
Student_466,2023BCA466,IT,2,9.39,9.88,80.8,1,No,AI,AI,0,1,1,0,7,10,6,4,4,10,6,8,9,4,10,1,Technical,9,9,60,12,35,Yes,Yes,Yes,4,8,1,9.99,5.54
Student_467,2023BCA467,IT,2,6.33,6.5,54.2,2,Yes,DSA,AI,4,2,1,0,10,5,10,6,3,6,7,1,5,9,6,0,Mixed,19,0,0,15,19,No,No,No,10,3,1,6.6,9.38
Student_468,2023BCA468,ECE,6,5.65,6.34,94.1,1,Yes,Math,DSA,0,1,2,0,8,7,8,8,9,10,10,2,6,5,8,5,Mixed,10,3,88,79,15,No,Yes,No,6,2,0,5.19,0.0
Student_469,2023BCA469,CSE,3,9.44,9.34,90.2,2,Yes,CN,DBMS,4,1,1,0,10,8,10,6,5,1,10,4,3,10,7,3,Management,15,1,65,4,66,Yes,Yes,No,9,1,1,10.0,10.62
Student_470,2023BCA470,ME,3,9.78,8.46,75.3,0,No,Math,OS,5,1,0,0,1,1,10,2,7,6,8,9,10,6,5,2,Technical,8,8,31,88,29,No,Yes,No,3,6,1,9.4,6.5
Student_471,2023BCA471,IT,7,9.31,9.5,98.4,1,No,OS,OS,3,0,1,0,8,2,2,1,6,4,9,3,8,9,4,2,Management,14,4,12,37,54,No,Yes,Yes,3,10,1,9.63,12.5
Student_472,2023BCA472,CE,8,9.05,10.0,70.9,2,Yes,CN,AI,2,1,1,0,4,7,9,8,10,3,4,6,7,7,2,3,Mixed,13,2,32,49,65,Yes,Yes,No,5,1,1,8.85,12.7
Student_473,2023BCA473,IT,1,8.28,7.31,99.2,0,No,CN,OS,2,0,2,0,10,2,3,8,5,2,5,7,1,5,8,0,Mixed,18,3,31,37,98,Yes,No,No,7,5,1,8.25,8.57
Student_474,2023BCA474,CE,7,7.75,8.32,83.4,1,Yes,DBMS,DBMS,2,0,1,1,8,7,8,9,7,7,5,8,10,2,9,2,Mixed,8,5,55,55,25,Yes,Yes,Yes,5,9,1,8.03,5.17
Student_475,2023BCA475,ECE,5,5.43,4.53,81.7,0,Yes,OS,DBMS,5,1,3,0,6,9,8,6,6,9,8,7,5,4,4,0,Mixed,3,9,23,62,56,No,No,Yes,8,9,1,5.45,10.76
Student_476,2023BCA476,CE,4,7.04,7.15,58.3,1,Yes,OS,CN,4,1,0,0,9,2,3,1,10,3,9,3,10,2,4,2,Technical,20,0,90,47,68,Yes,No,Yes,5,4,1,6.84,14.91
Student_477,2023BCA477,ME,2,6.86,5.65,94.1,1,Yes,AI,CN,2,1,2,0,4,7,3,9,2,6,7,6,9,3,5,4,Technical,6,6,3,89,1,Yes,Yes,No,7,7,1,6.76,10.47
Student_478,2023BCA478,CSE,7,6.3,6.15,71.4,1,Yes,CN,Math,0,1,0,0,2,4,6,3,3,9,5,5,6,10,2,2,Management,7,7,87,58,55,Yes,No,Yes,6,7,1,6.21,3.43
Student_479,2023BCA479,CE,1,8.62,9.39,58.1,0,No,OS,DBMS,2,0,3,0,2,2,1,6,2,2,3,10,8,3,7,4,Management,7,6,22,76,83,No,Yes,Yes,10,4,1,9.27,3.21
Student_480,2023BCA480,CE,1,7.48,7.02,50.6,2,Yes,CN,DBMS,5,1,2,0,5,7,4,10,3,7,1,4,10,4,5,5,Management,18,6,28,43,61,Yes,No,No,2,5,0,7.94,0.0
Student_481,2023BCA481,CSE,7,5.41,5.9,78.0,0,Yes,AI,DBMS,3,1,2,0,10,5,1,10,1,5,9,1,1,6,6,0,Mixed,14,8,97,89,33,No,No,No,3,9,1,5.46,5.35
Student_482,2023BCA482,ME,6,6.1,6.99,76.4,0,Yes,AI,CN,0,0,1,0,9,1,3,9,8,5,5,7,10,3,4,2,Management,15,3,20,54,97,No,No,Yes,4,7,1,5.84,12.76
Student_483,2023BCA483,IT,2,8.42,9.7,86.0,0,Yes,DBMS,AI,2,2,0,1,3,5,9,3,6,7,9,8,7,10,8,1,Technical,8,6,29,54,55,Yes,No,Yes,5,7,1,8.89,13.14
Student_484,2023BCA484,CE,6,5.38,4.58,94.5,0,No,CN,AI,2,2,3,0,8,3,5,5,2,9,10,2,3,1,8,1,Management,11,8,89,0,54,Yes,Yes,Yes,9,10,0,5.07,0.0
Student_485,2023BCA485,CSE,4,9.26,8.96,54.0,0,Yes,OS,OS,1,0,3,0,4,7,5,5,8,4,4,7,9,1,5,3,Management,15,4,19,7,19,Yes,Yes,Yes,6,7,1,9.01,6.91
Student_486,2023BCA486,ECE,1,7.48,6.44,86.6,1,Yes,OS,AI,4,2,2,0,6,6,4,10,6,9,5,6,6,9,6,1,Technical,3,1,15,3,49,No,No,Yes,1,9,1,7.42,5.83
Student_487,2023BCA487,CSE,1,7.4,8.88,59.4,2,No,CN,DSA,0,0,1,0,10,8,3,7,7,10,4,5,5,9,3,4,Technical,4,4,66,84,24,Yes,Yes,No,3,5,0,7.96,0.0
Student_488,2023BCA488,ECE,5,7.96,9.24,92.9,5,Yes,CN,CN,1,1,2,0,6,5,5,4,1,9,2,4,8,5,1,1,Mixed,7,3,48,85,83,Yes,Yes,Yes,7,6,1,7.62,9.03
Student_489,2023BCA489,ME,4,9.12,9.24,91.0,0,Yes,CN,DBMS,3,1,2,0,3,2,4,4,7,4,1,2,8,9,9,1,Technical,0,7,100,52,24,Yes,Yes,No,8,3,0,8.77,0.0
Student_490,2023BCA490,IT,1,6.74,7.77,77.0,2,Yes,DSA,AI,4,2,2,0,5,9,8,7,3,3,8,10,3,7,9,1,Technical,5,4,57,57,52,Yes,No,No,7,1,1,6.83,7.99
Student_491,2023BCA491,CSE,4,8.39,8.45,85.5,1,Yes,OS,CN,0,1,2,0,3,8,4,9,8,2,4,6,2,9,3,2,Management,14,8,43,36,13,No,Yes,No,5,2,1,8.22,10.57
Student_492,2023BCA492,CE,2,7.83,8.2,65.7,1,No,AI,AI,2,2,3,0,1,6,8,4,6,9,5,5,2,7,4,3,Technical,3,8,24,48,59,No,No,No,10,8,0,8.01,0.0
Student_493,2023BCA493,ME,3,6.34,5.11,73.6,1,No,OS,Math,0,2,3,0,7,10,6,4,4,2,6,2,5,9,7,0,Mixed,20,2,22,66,42,No,Yes,No,8,1,0,6.38,0.0
Student_494,2023BCA494,CSE,1,9.39,10.0,91.1,0,Yes,DSA,DBMS,2,1,2,0,4,7,5,6,8,6,8,10,10,2,2,3,Management,10,9,58,18,61,Yes,Yes,No,9,10,1,9.41,10.61
Student_495,2023BCA495,CE,5,8.99,7.87,73.0,1,No,CN,Math,4,1,2,0,7,9,4,6,9,5,8,7,7,8,3,4,Mixed,4,5,0,0,75,Yes,No,No,7,7,0,8.62,0.0
Student_496,2023BCA496,CSE,2,8.29,9.27,67.9,2,Yes,DBMS,DBMS,2,2,1,0,3,7,4,7,10,5,7,6,8,7,6,2,Technical,17,5,96,28,68,No,Yes,Yes,9,5,1,7.96,6.52
Student_497,2023BCA497,ECE,7,9.25,10.0,74.7,1,Yes,CN,CN,3,1,2,0,5,3,4,1,2,4,4,9,10,6,8,5,Mixed,14,3,14,86,62,Yes,No,Yes,1,6,1,9.74,4.79
Student_498,2023BCA498,CSE,4,9.34,9.97,91.4,1,Yes,CN,OS,5,0,3,0,5,6,9,3,6,6,6,10,8,5,1,2,Mixed,17,10,80,32,1,No,Yes,No,9,8,1,9.9,7.42
Student_499,2023BCA499,CSE,7,8.54,7.15,66.8,1,Yes,DSA,AI,2,1,0,0,2,7,4,9,5,5,4,5,8,4,4,1,Technical,19,9,97,51,53,Yes,Yes,No,3,4,0,8.32,0.0
Student_500,2023BCA500,CSE,6,9.19,8.6,58.7,1,Yes,OS,AI,3,1,3,0,10,2,9,6,5,4,7,9,10,7,1,1,Technical,12,2,80,40,15,Yes,Yes,No,6,6,1,8.83,10.54
